Year Reported to CDP,Account Number,Organization,City,Country,CDP Region,Reporting Authority,Access,First Time Discloser,Population,Population Year,City Location,Last update
2018,58671,Helsingør Kommune / Elsinore Municipality,Helsingør,Denmark,Europe,CDP Cities,public,No,62686,2017,POINT (12.5921 56.0308),2020-06-25T04:52:49.050
2018,59167,Municipalidad de Providencia,Providencia,Chile,Latin America,CDP Cities,public,No,126487,2012,POINT (-70.6092 -33.4313),2020-06-25T04:52:49.050
2018,50553,City of Fresno,Fresno,United States of America,North America,CDP Cities,public,Yes,527438,2017,POINT (-119.773 36.7468),2020-06-25T04:52:49.050
2018,826407,Munícipio de Mirandela,Mirandela,Portugal,Europe,CDP Cities,public,Yes,11852,2011,POINT (-7.1753 41.51),2020-06-25T04:52:49.050
2018,60375,Gobiernación del Archipiélago de San Andrés,Archipiélago de San Andrés,Colombia,Latin America,CDP Cities,public,No,120000,2017,POINT (-81.6976 12.5794),2020-06-25T04:52:49.050
2018,54337,Greater Amman Municipality,Amman,Jordan,Middle East,"C40,CDP Cities",public,No,3800000,2017,POINT (35.9284 31.9454),2020-06-25T04:52:49.050
2018,55331,Município de Ílhavo,Ílhavo,Portugal,Europe,CDP Cities,public,Yes,38598,2017,POINT (-7.58 38.85),2020-06-25T04:52:49.050
2018,74414,Boulder County,Boulder County,United States of America,North America,CDP Cities,public,Yes,322226,2016,POINT (-105.5 40.15),2020-06-25T04:52:49.050
2018,831618,Yaoundé 4,Yaoundé 4,Cameroon,Africa,CDP Cities,public,Yes,792546,2017,POINT (11.5167 3.8667),2020-06-25T04:52:49.050
2018,60603,"City of Prince George, BC",Prince George,Canada,North America,CDP Cities,public,No,74003,2016,POINT (-122.75 53.9171),2020-06-25T04:52:49.050
2018,10495,City of Las Vegas,Las Vegas,United States of America,North America,CDP Cities,public,No,648224,2017,POINT (-115.14 36.1699),2020-06-25T04:52:49.050
2018,831811,Municipalidad de Zacatecoluca,Zacatecoluca,El Salvador,Latin America,CDP Cities,non public,Yes,75100,2016,POINT (-88.8667 13.5),2020-06-25T04:52:49.050
2018,54114,City of Asheville,Asheville,United States of America,North America,CDP Cities,public,No,89121,2016,POINT (-82.5515 35.5951),2020-06-25T04:52:49.050
2018,50383,Prefeitura de Sorocaba,Sorocaba,Brazil,Latin America,CDP Cities,public,No,652481,2016,POINT (-47.4221 -23.4775),2020-06-25T04:52:49.050
2018,57509,Prefeitura Niterói,Niterói,Brazil,Latin America,CDP Cities,public,No,499.028,2017,POINT (-43.1184 -22.8928),2020-06-25T04:52:49.050
2018,50396,Prefeitura Municipal de Santos,Santos,Brazil,Latin America,CDP Cities,public,No,434742,2017,POINT (-46.3289 -23.9679),2020-06-25T04:52:49.050
2018,69985,Sillamäe,Sillamäe,Estonia,Europe,CDP Cities,public,Yes,13360,2017,POINT (27.7617 59.3958),2020-06-25T04:52:49.050
2018,50665,Município de Ovar,Ovar,Portugal,Europe,CDP Cities,public,No,55398,2017,POINT (-8.59723 40.8901),2020-06-25T04:52:49.050
2018,60268,Prefeitura de Brumadinho,Brumadinho,Brazil,Latin America,CDP Cities,public,No,33973,2008,POINT (-44.1982 -20.1427),2020-06-25T04:52:49.050
2018,59535,"Town of Vail, CO",Vail,United States of America,North America,CDP Cities,public,No,5305,2010,POINT (-106.374 39.6403),2020-06-25T04:52:49.050
2018,35449,Stadt Zürich,Zürich,Switzerland,Europe,CDP Cities,public,No,423310,2017,POINT (8.53918 47.3686),2020-06-25T04:52:49.050
2018,59572,"District of Saanich, BC",Saanich,Canada,North America,CDP Cities,non public,Yes,114148,2016,POINT (123.378 48.4594),2020-06-25T04:52:49.050
2018,54354,City Government of Makati,Makati,Philippines,Southeast Asia and Oceania,CDP Cities,non public,No,582602,2015,POINT (121.024 14.5547),2020-06-25T04:52:49.050
2018,54517,City Örebro,Örebro,Sweden,Europe,CDP Cities,public,Yes,150291,2017,POINT (15.2066 59.2741),2020-06-25T04:52:49.050
2018,37261,City of Pietermaritzburg,Pietermaritzburg,South Africa,Africa,CDP Cities,non public,No,618536,2011,POINT (30.3794 -29.6006),2020-06-25T04:52:49.050
2018,31185,City of Warsaw,Warsaw,Poland,Europe,"C40,CDP Cities",public,No,1758143,2017,POINT (21.0122 52.2297),2020-06-25T04:52:49.050
2018,61427,Municipality of Nacala,Nacala,Mozambique,Africa,CDP Cities,public,No,241050,2014,POINT (40.6854 -14.5656),2020-06-25T04:52:49.050
2018,53959,"City of Fayetteville, AR",Fayetteville,United States of America,North America,CDP Cities,public,No,85747,2017,POINT (-94.1719 36.0821),2020-06-25T04:52:49.050
2018,35274,"City of Portland, ME","Portland, ME",United States of America,North America,CDP Cities,public,No,66937,2017,POINT (-70.2553 43.6615),2020-06-25T04:52:49.050
2018,60340,Prefeitura de Rio Verde,Rio Verde,Brazil,Latin America,CDP Cities,public,No,217.048,2017,POINT (-50.4892 -17.9685),2020-06-25T04:52:49.050
2018,70261,Alcaldia de Floridablanca,Floridablanca,Colombia,Latin America,CDP Cities,non public,No,266.669,2017,POINT (-73.0979 7.07001),2020-06-25T04:52:49.050
2018,831617,Commune de Bouaké,Bouaké,Côte d'Ivoire,Africa,CDP Cities,public,Yes,715435,2013,POINT (-5.0149 7.4137),2020-06-25T04:52:49.050
2018,58543,Byron Shire Council,Byron Shire,Australia,Southeast Asia and Oceania,CDP Cities,public,No,31566,2016,POINT (153.533 -28.6534),2020-06-25T04:52:49.050
2018,58795,Blantyre City Council,Blantyre,Malawi,Africa,CDP Cities,public,No,994517,2017,POINT (35.0378 -15.8028),2020-06-25T04:52:49.050
2018,43907,City of Indianapolis,Indianapolis,United States of America,North America,CDP Cities,public,No,863000,2017,POINT (-86.1785 39.7676),2020-06-25T04:52:49.050
2018,54277,New Plymouth District Council,New Plymouth District,New Zealand,Southeast Asia and Oceania,CDP Cities,public,No,82130,2017,POINT (174.354 -39.1011),2020-06-25T04:52:49.050
2018,31154,Bogotá Distrito Capital,Bogotá,Colombia,Latin America,"C40,CDP Cities",public,No,8081000,2017,POINT (-74.0721 4.711),2020-06-25T04:52:49.050
2018,35858,City of Cape Town,Cape Town,South Africa,Africa,"C40,CDP Cities",public,No,4174510,2017,POINT (18.4239 -33.9253),2020-06-25T04:52:49.050
2018,50550,City of Buffalo,"Buffalo, NY",United States of America,North America,CDP Cities,public,No,258612,2017,POINT (-78.8784 42.8864),2020-06-25T04:52:49.050
2018,74440,City of Davenport,Davenport,United States of America,North America,CDP Cities,non public,Yes,99693,2009,POINT (90.5776 41.5236),2020-06-25T04:52:49.050
2018,831962,Município de Montalegre,Montalegre,Portugal,Europe,CDP Cities,public,Yes,9280,2017,POINT (-7.7879 41.8266),2020-06-25T04:52:49.050
2018,49334,"City of Richmond, VA","Richmond, VA",United States of America,North America,CDP Cities,public,No,222853,2017,POINT (-77.436 37.5407),2020-06-25T04:52:49.050
2018,62814,Municipalidad de Pica,Pica,Chile,Latin America,CDP Cities,non public,No,9296,2017,POINT (-69.3305 -20.4895),2020-06-25T04:52:49.050
2018,43917,Sofia Municipality,Sofia,Bulgaria,Europe,CDP Cities,public,No,1325429,2017,POINT (23.3219 42.6977),2020-06-25T04:52:49.050
2018,36154,Vilnius City Municipality,Vilnius,Lithuania,Europe,CDP Cities,public,No,542626,2015,POINT (25.2797 54.6872),2020-06-25T04:52:49.050
2018,50378,Municipalidad de San José,San José,Costa Rica,Latin America,CDP Cities,public,Yes,342188,2017,POINT (9.9326 -84.0796),2020-06-25T04:52:49.050
2018,50385,Prefeitura de Campo Grande,Campo Grande,Brazil,Latin America,CDP Cities,non public,No,786797,2010,POINT (-37.7142 -7.10801),2020-06-25T04:52:49.050
2018,50558,"City of London, ON","London, ON",Canada,North America,CDP Cities,public,No,383822,2016,POINT (-81.2497 42.9837),2020-06-25T04:52:49.050
2018,31009,City of Copenhagen,Copenhagen,Denmark,Europe,"C40,CDP Cities",public,No,602481,2017,POINT (12.5683 55.6761),2020-06-25T04:52:49.050
2018,60599,"Town of Bridgewater, NS",Bridgewater,Canada,North America,CDP Cities,public,Yes,8532,2016,POINT (-64.5188 44.3786),2020-06-25T04:52:49.050
2018,74495,"City of East Lansing, MI",East Lansing,United States of America,North America,CDP Cities,non public,Yes,48844,2017,POINT (-84.4805 42.7347),2020-06-25T04:52:49.050
2018,50679,Município de Barreiro,Barreiro,Portugal,Europe,CDP Cities,non public,No,78764,2011,POINT (-9.07907 38.6608),2020-06-25T04:52:49.050
2018,54444,Mülheim an der Ruhr,Mülheim a.d.R,Germany,Europe,CDP Cities,public,No,172593,2016,POINT (6.88452 51.4186),2020-06-25T04:52:49.050
2018,31153,City of Berlin,Berlin,Germany,Europe,"C40,CDP Cities",non public,No,3574.83,2016,POINT (13.405 52.52),2020-06-25T04:52:49.050
2018,54108,City of Durham,"Durham, NC",United States of America,North America,CDP Cities,public,No,263016,2016,POINT (-78.8986 35.994),2020-06-25T04:52:49.050
2018,50551,City of Long Beach,Long Beach,United States of America,North America,CDP Cities,public,No,470130,2017,POINT (-118.194 33.7701),2020-06-25T04:52:49.050
2018,52638,Prefeitura de Aracaju,Aracaju,Brazil,Latin America,CDP Cities,public,No,641523,2016,POINT (-37.0731 -10.9472),2020-06-25T04:52:49.050
2018,35880,Municipality of Porto Alegre,Porto Alegre,Brazil,Latin America,CDP Cities,public,No,1409351,2010,POINT (51 30),2020-06-25T04:52:49.050
2018,20113,City of Vancouver,Vancouver,Canada,North America,"C40,CDP Cities",public,No,631486,2016,POINT (-123.114 49.2612),2020-06-25T04:52:49.050
2018,31055,Glasgow City Council,Glasgow,United Kingdom of Great Britain and Northern Ireland,Europe,CDP Cities,public,No,598830,2017,POINT (-4.21278 55.8593),2020-06-25T04:52:49.050
2018,60223,Panevėžys City Municipality,Panevežys,Lithuania,Europe,CDP Cities,non public,Yes,,0,POINT (24.35 55.7333),2020-06-25T04:52:49.050
2018,51374,Prefeitura de Rio Branco,Rio Branco,Brazil,Latin America,CDP Cities,public,No,383.443,2017,POINT (-40.3776 -20.3338),2020-06-25T04:52:49.050
2018,55371,Municipalidad de Vicente López,Vicente López,Argentina,Latin America,CDP Cities,public,No,270929,2010,POINT (-68.833 -32.8941),2020-06-25T04:52:49.050
2018,69834,Municipalidad de General Alvear (Mendoza),"General Alvear, Buenos Aires",Argentina,Latin America,CDP Cities,public,No,46429,2010,POINT (-67.6955 -34.978),2020-06-25T04:52:49.050
2018,60229,Municipality of Arendal,Arendal,Norway,Europe,CDP Cities,public,No,44630,2017,POINT (8.77245 58.4618),2020-06-25T04:52:49.050
2018,60407,Municipalidad de Colina,Colina,Chile,Latin America,CDP Cities,public,No,,0,POINT (-70.684 -33.2043),2020-06-25T04:52:49.050
2018,54113,City of Flagstaff,Flagstaff,United States of America,North America,CDP Cities,public,No,71975,2017,POINT (-111.631 35.1992),2020-06-25T04:52:49.050
2018,73293,"City of LaGrange, MO",LaGrange,United States of America,North America,CDP Cities,public,No,931,2010,POINT (-91.4976 40.0428),2020-06-25T04:52:49.050
2018,826431,Município de Loulé,Loulé,Portugal,Europe,CDP Cities,non public,Yes,70622,2011,POINT (-8.01968 37.1377),2020-06-25T04:52:49.050
2018,74423,"City of Key West, FL",Key West,United States of America,North America,CDP Cities,public,Yes,26990,2016,POINT (24.5551 81.78),2020-06-25T04:52:49.050
2018,54084,City of Guelph,Guelph,Canada,North America,CDP Cities,public,Yes,131794,2016,POINT (80.25 43.55),2020-06-25T04:52:49.050
2018,54559,Ugu District Municipality,Ugu,South Africa,Africa,CDP Cities,non public,No,,0,POINT (30.2513 -30.6218),2020-06-25T04:52:49.050
2018,58461,Stara Zagora,Stara Zagora,Bulgaria,Europe,CDP Cities,public,No,,0,POINT (25.6345 42.4258),2020-06-25T04:52:49.050
2018,36261,Comune di Bolzano,Bolzano,Italy,Europe,CDP Cities,non public,No,107317,2017,POINT (11.3566 46.4997),2020-06-25T04:52:49.050
2018,54291,Chengdu Municipal Government,Chengdu,China,East Asia,"C40,CDP Cities",public,Yes,1435.3,2017,POINT (104.076 30.6719),2020-06-25T04:52:49.050
2018,50386,Prefeitura de Cuiabá,Cuiabá,Brazil,Latin America,CDP Cities,non public,No,580489,2015,POINT (-52.2663 -15.882),2020-06-25T04:52:49.050
2018,50544,"City of Aurora, IL",Aurora,United States of America,North America,CDP Cities,public,Yes,203195,2017,POINT (41.7606 88.3201),2020-06-25T04:52:49.050
2018,31163,Istanbul Metropolitan Municipality,Istanbul,Turkey,Europe,"C40,CDP Cities",non public,No,15029231,2017,POINT (28.9784 41.0082),2020-06-25T04:52:49.050
2018,50364,Municipalidad de La Paz,La Paz (Bolivia),Bolivia (Plurinational State of),Latin America,CDP Cities,non public,No,798.968,2017,POINT (-68.15 -16.5),2020-06-25T04:52:49.050
2018,55801,City of West Palm Beach,West Palm Beach,United States of America,North America,CDP Cities,public,No,108161,2017,POINT (-80.0534 26.7153),2020-06-25T04:52:49.050
2018,49787,City of Benicia,Benicia,United States of America,North America,CDP Cities,public,No,27780,2016,POINT (-122.159 38.0494),2020-06-25T04:52:49.050
2018,50559,"City of St Catharines, ON",St Catharines,Canada,North America,CDP Cities,public,No,131400,2014,POINT (-79.2469 43.1594),2020-06-25T04:52:49.050
2018,55799,"Arlington, VA",Arlington,United States of America,North America,CDP Cities,public,No,222800,2016,POINT (-76.0026 37.2265),2020-06-25T04:52:49.050
2018,59536,City of Kitchener,Kitchener,Canada,North America,CDP Cities,non public,Yes,233222,2016,POINT (-80.561 43.42),2020-06-25T04:52:49.050
2018,54687,Prefeitura Municipal de São José dos Campos,São José dos Campos,Brazil,Latin America,CDP Cities,public,No,703219,2017,POINT (-45.8783 -23.1848),2020-06-25T04:52:49.050
2018,55418,City of Huntington Beach,Huntington Beach,United States of America,North America,CDP Cities,public,No,202498,2016,POINT (-117.999 33.6603),2020-06-25T04:52:49.050
2018,50571,City of Victoria,Victoria,Canada,North America,CDP Cities,non public,No,86000,2016,POINT (-123.366 48.4284),2020-06-25T04:52:49.050
2018,42123,City of Goiânia,Goiânia,Brazil,Latin America,CDP Cities,public,No,1302001,2010,POINT (-49.2648 -16.6869),2020-06-25T04:52:49.050
2018,55616,Los Altos Hills,Los Altos Hills,United States of America,North America,CDP Cities,public,No,8580,2017,POINT (-122.138 37.3797),2020-06-25T04:52:49.050
2018,35877,City of Pittsburgh,Pittsburgh,United States of America,North America,CDP Cities,public,No,305704,2016,POINT (-79.9959 40.4406),2020-06-25T04:52:49.050
2018,36004,City of Abidjan,Abidjan,Côte d'Ivoire,Africa,"C40,CDP Cities",non public,No,4707000,2014,POINT (-4.0083 5.36),2020-06-25T04:52:49.050
2018,50391,Prefeitura de Manaus,Manaus,Brazil,Latin America,CDP Cities,non public,No,2057711,2016,POINT (-60.0217 -3.11902),2020-06-25T04:52:49.050
2018,73295,"City of La Crosse, WI",La Crosse,United States of America,North America,CDP Cities,public,No,51320,2010,POINT (-91.2396 43.8014),2020-06-25T04:52:49.050
2018,35393,City of St Louis,St Louis,United States of America,North America,CDP Cities,public,No,319294,2010,POINT (-90.1994 38.627),2020-06-25T04:52:49.050
2018,60206,City of Jelgava,Jelgava,Latvia,Europe,CDP Cities,public,No,,0,POINT (23.7214 56.6511),2020-06-25T04:52:49.050
2018,31051,Coventry City Council,Coventry,United Kingdom of Great Britain and Northern Ireland,Europe,CDP Cities,public,Yes,,0,POINT (-1.51217 52.4066),2020-06-25T04:52:49.050
2018,73301,"City of Gretna, LA",Gretna,United States of America,North America,CDP Cities,public,Yes,17935,2017,POINT (-90.0542 29.9164),2020-06-25T04:52:49.050
2018,35907,Bangalore,Bangalore,India,South and West Asia,"C40,CDP Cities",public,No,11000000,2011,POINT (77.5946 12.9716),2020-06-25T04:52:49.050
2018,50220,Métropole Nice Côte d'Azur,Nice,France,Europe,CDP Cities,public,No,560000,2016,POINT (7.26195 43.7102),2020-06-25T04:52:49.050
2018,54608,Alcaldia de Montería,Montería,Colombia,Latin America,CDP Cities,public,Yes,441301,2015,POINT (-75.8814 8.74798),2020-06-25T04:52:49.050
2018,36036,City of Ibadan,Ibadan,Nigeria,Africa,CDP Cities,public,No,5591589,2011,POINT (3.94704 7.37753),2020-06-25T04:52:49.050
2018,50543,Halifax Regional Municipality,Halifax,Canada,North America,CDP Cities,non public,No,403390,2016,POINT (-63.5714 44.6478),2020-06-25T04:52:49.050
2018,55372,Prefeitura Municipal de Canoas,Canoas,Brazil,Latin America,CDP Cities,public,No,341343,2015,POINT (-51.1862 -29.9133),2020-06-25T04:52:49.050
2018,74573,"Snoqualmie, WA",Snoqualmie,United States of America,North America,CDP Cities,public,Yes,13210,2017,POINT (-121.844 47.53),2020-06-25T04:52:49.050
2018,31148,City of Amsterdam,Amsterdam,Netherlands,Europe,"C40,CDP Cities",non public,No,844.952,2017,POINT (4.89516 52.3702),2020-06-25T04:52:49.050
2018,68383,Prefeitura de Itatiba,Itatiba,Brazil,Latin America,CDP Cities,non public,Yes,115051,2016,POINT (-23 46.5),2020-06-25T04:52:49.050
2018,55800,City of Cambridge,"Cambridge, MA",United States of America,North America,CDP Cities,non public,No,109694,2014,POINT (-93.3273 45.601),2020-06-25T04:52:49.050
2018,59631,"City of San Leandro, CA",San Leandro,United States of America,North America,CDP Cities,public,No,90465,2016,POINT (-122.156 37.7249),2020-06-25T04:52:49.050
2018,49367,Freetown City,Freetown,Sierra Leone,Africa,CDP Cities,non public,No,,0,POINT (-13.2317 8.4657),2020-06-25T04:52:49.050
2018,31110,Roma Capitale,Roma,Italy,Europe,"C40,CDP Cities",public,No,2876.614,2017,POINT (12.2858 41.53),2020-06-25T04:52:49.050
2018,54678,Prefeitura Municipal de Porto Feliz,Porto Feliz,Brazil,Latin America,CDP Cities,non public,No,48893,2010,POINT (-47.5137 -23.2102),2020-06-25T04:52:49.050
2018,54430,Ville du Havre,Le Havre,France,Europe,CDP Cities,non public,No,172366,2015,POINT (0.1 49.49),2020-06-25T04:52:49.050
2018,60679,"Town of Surfside, FL",Surfside,United States of America,North America,CDP Cities,public,Yes,5811,2016,POINT (-80.1233 25.8789),2020-06-25T04:52:49.050
2018,59156,City of Grand-Bassam,Grand-Bassam,Côte d'Ivoire,Africa,CDP Cities,public,No,84000,2014,POINT (-3.7537 5.2259),2020-06-25T04:52:49.050
2018,35863,eThekwini Municipality,Durban,South Africa,Africa,"C40,CDP Cities",public,No,38201740,2016,POINT (31.0218 -29.8587),2020-06-25T04:52:49.050
2018,36274,Comune di Bologna,Bologna,Italy,Europe,CDP Cities,public,No,389.261,2017,POINT (11.3387 44.4938),2020-06-25T04:52:49.050
2018,52894,City of Winston-Salem,Winston-Salem,United States of America,North America,CDP Cities,public,No,242203,2016,POINT (-80.2442 36.0999),2020-06-25T04:52:49.050
2018,54402,City of Lahti,Lahti,Finland,Europe,CDP Cities,public,No,119573,2017,POINT (25.65 60.9833),2020-06-25T04:52:49.050
2018,31109,City of Melbourne,City of Melbourne,Australia,Southeast Asia and Oceania,"C40,CDP Cities",public,No,151176,2017,POINT (144.963 -37.8141),2020-06-25T04:52:49.050
2018,50578,City of Windsor,Windsor,Canada,North America,CDP Cities,public,No,217188,2016,POINT (-83.0364 42.3149),2020-06-25T04:52:49.050
2018,35857,City of Cincinnati,Cincinnati,United States of America,North America,CDP Cities,public,No,298800,2016,POINT (-84.512 39.1031),2020-06-25T04:52:49.050
2018,31172,Mexico City,Mexico City,Mexico,Latin America,"C40,CDP Cities",public,No,8833416,2016,POINT (-99.1332 19.4326),2020-06-25T04:52:49.050
2018,54697,Prefeitura Municipal de Cerquilho,Cerquilho,Brazil,Latin America,CDP Cities,non public,No,39617,2010,POINT (-47.7463 -23.167),2020-06-25T04:52:49.050
2018,31176,Prefeitura do Rio de Janeiro,Rio de Janeiro,Brazil,Latin America,"C40,CDP Cities",public,No,6520266,2017,POINT (-43.5614 -22.9054),2020-06-25T04:52:49.050
2018,54682,Prefeitura Municipal de Petrolina,Petrolina,Brazil,Latin America,CDP Cities,non public,No,,0,POINT (-40.5079 -9.3835),2020-06-25T04:52:49.050
2018,50579,City of Winnipeg,Winnipeg,Canada,North America,CDP Cities,public,No,749500,2017,POINT (-97.1375 49.8997),2020-06-25T04:52:49.050
2018,54498,Ayuntamiento de Murcia,Murcia,Spain,Europe,CDP Cities,public,No,443243,2017,POINT (-1.00495 37.799),2020-06-25T04:52:49.050
2018,3417,New York City,New York City,United States of America,North America,"C40,CDP Cities",public,No,8537673,2016,POINT (-74.0059 40.7128),2020-06-25T04:52:49.050
2018,50394,Prefeitura Municipal de João Pessoa,João Pessoa,Brazil,Latin America,CDP Cities,public,No,723515,2010,POINT (-34.8639 -7.16882),2020-06-25T04:52:49.050
2018,43934,City of Perth,Perth,Australia,Southeast Asia and Oceania,CDP Cities,public,No,27432,2017,POINT (115.861 -31.9526),2020-06-25T04:52:49.050
2018,74504,"City of Ramsey, MN",Ramsey,United States of America,North America,CDP Cities,public,Yes,26462,2017,POINT (-93.45 45.2611),2020-06-25T04:52:49.050
2018,43938,"The Executive Council, Govt of Dubai",Dubai,United Arab Emirates,Middle East,"C40,CDP Cities",non public,No,2976455,2017,POINT (55.2708 25.2048),2020-06-25T04:52:49.050
2018,50565,City of Toledo,Toledo,United States of America,North America,CDP Cities,public,No,287208,2010,POINT (-83.5552 41.6639),2020-06-25T04:52:49.050
2018,60318,Prefeitura de Porto Velho,Porto Velho,Brazil,Latin America,CDP Cities,public,No,428527,2010,POINT (-40.3776 -20.3338),2020-06-25T04:52:49.050
2018,58424,Gdańsk,Gdańsk,Poland,Europe,CDP Cities,public,No,464254,2017,POINT (18.6466 54.352),2020-06-25T04:52:49.050
2018,54615,Prefeitura da Estância Turística de São Roque,São Roque,Brazil,Latin America,CDP Cities,public,No,88.473,2017,POINT (-47.1294 -23.5428),2020-06-25T04:52:49.050
2018,58489,Hoeje-Taastrup Kommune,Hoeje-Taastrup,Denmark,Europe,CDP Cities,public,No,50246,2017,POINT (12.2898 55.6563),2020-06-25T04:52:49.050
2018,54510,Umeå municipality,Umeå,Sweden,Europe,CDP Cities,public,No,122892,2017,POINT (20.263 63.8258),2020-06-25T04:52:49.050
2018,60413,Municipalidad de La Serena,La Serena,Chile,Latin America,CDP Cities,non public,No,221054,2017,POINT (-68.8342 -32.9199),2020-06-25T04:52:49.050
2018,50357,Ciudad de Mendoza,Mendoza,Argentina,Latin America,CDP Cities,public,No,115041,2010,POINT (-68.8458 -32.8894),2020-06-25T04:52:49.050
2018,54405,Vejle Kommune,Vejle,Denmark,Europe,CDP Cities,non public,No,,0,POINT (9.5364 55.7113),2020-06-25T04:52:49.050
2018,59124,"City of Natchez, MS",Natchez,United States of America,North America,CDP Cities,public,No,15500,2017,POINT (-91.4032 31.5604),2020-06-25T04:52:49.050
2018,831823,Comune di Massa Marittima,Massa Marittima,Italy,Europe,CDP Cities,non public,Yes,,0,POINT (10.8939 43.05),2020-06-25T04:52:49.050
2018,50562,City of Chula Vista,Chula Vista,United States of America,North America,CDP Cities,public,Yes,265070,2016,POINT (-117.084 32.64),2020-06-25T04:52:49.050
2018,31446,Taipei City Government,Taipei,"Taiwan, Greater China",East Asia,CDP Cities,public,No,2683257,2017,POINT (121.564 25.0375),2020-06-25T04:52:49.050
2018,60127,Municipality of Thessaloniki,Thessaloniki,Greece,Europe,CDP Cities,non public,No,322240,2011,POINT (23.0634 40.7505),2020-06-25T04:52:49.050
2018,60233,Pärnu City Government,Pärnu,Estonia,Europe,CDP Cities,public,No,51655,2017,POINT (24.4966 58.3858),2020-06-25T04:52:49.050
2018,36041,Municipality of Belém,Belém,Brazil,Latin America,CDP Cities,public,No,1393399,2010,POINT (28.3111 -28.2423),2020-06-25T04:52:49.050
2018,14088,City of Oslo,Oslo,Norway,Europe,"C40,CDP Cities",public,No,673469,2017,POINT (10.7522 59.9139),2020-06-25T04:52:49.050
2018,63615,Hillerød Kommune,Hillerød,Denmark,Europe,CDP Cities,public,No,50104,2017,POINT (12.2349 55.931),2020-06-25T04:52:49.050
2018,54579,Sekhukhune District Municipality,Sekhukhune District Municipality,South Africa,Africa,CDP Cities,public,No,1076840,2011,POINT (29.974 -24.8335),2020-06-25T04:52:49.050
2018,50370,Municipalidad de Tampico,Tampico,Mexico,Latin America,CDP Cities,non public,No,314418,2015,POINT (-99.0173 19.3599),2020-06-25T04:52:49.050
2018,54488,Trondheim Municipality,Trondheim,Norway,Europe,CDP Cities,non public,No,190464,2017,POINT (10.395 63.4305),2020-06-25T04:52:49.050
2018,60399,Municipalidad de Miraflores,Miraflores,Peru,Latin America,CDP Cities,public,No,85065,2007,POINT (-71.5366 -16.3994),2020-06-25T04:52:49.050
2018,54692,Prefeitura Municipal de Sertãozinho,Sertãozinho,Brazil,Latin America,CDP Cities,public,No,122643,2017,POINT (-47.9947 -21.1451),2020-06-25T04:52:49.050
2018,831812,Municipalidad de Puerto Barrios,Puerto Barrios,Guatemala,Latin America,CDP Cities,public,Yes,116000,2017,POINT (15.7278 -88.5944),2020-06-25T04:52:49.050
2018,58482,Ville de Laval,Laval,Canada,North America,CDP Cities,public,Yes,437413,2017,POINT (-73.7126 45.6207),2020-06-25T04:52:49.050
2018,31113,City of Yokohama,Yokohama,Japan,East Asia,"C40,CDP Cities",public,No,3731096,2017,POINT (139.638 35.4437),2020-06-25T04:52:49.050
2018,60274,Prefeitura de Cruzeiro do Sul,Cruzeiro do Sul,Brazil,Latin America,CDP Cities,public,No,78507,2010,POINT (-72.6761 -7.62799),2020-06-25T04:52:49.050
2018,54253,Wollongong City Council,Wollongong,Australia,Southeast Asia and Oceania,CDP Cities,public,No,211201,2017,POINT (150.893 -34.4278),2020-06-25T04:52:49.050
2018,54443,Landeshauptstadt Magdeburg,Magdeburg,Germany,Europe,CDP Cities,public,No,238000,2015,POINT (11.6276 52.1205),2020-06-25T04:52:49.050
2018,826396,Munícipio de Sintra,Sintra,Portugal,Europe,CDP Cities,non public,Yes,383.946,2016,POINT (-9.38811 38.7984),2020-06-25T04:52:49.050
2018,50395,Prefeitura de São Luís,São Luís,Brazil,Latin America,CDP Cities,non public,No,1091868000,2017,POINT (-38.057 -6.5344),2020-06-25T04:52:49.050
2018,35872,Municipality of Recife,Recife,Brazil,Latin America,CDP Cities,public,No,1633697,2017,POINT (-34.8829 -8.05783),2020-06-25T04:52:49.050
2018,58597,Municipalidad de La Unión,La Unión,Costa Rica,Latin America,CDP Cities,non public,Yes,108990,2017,POINT (-83.9833 9.91667),2020-06-25T04:52:49.050
2018,35903,Le Grand Casablanca,Casablanca,Morocco,Africa,CDP Cities,public,No,,0,POINT (-7.56806 33.5206),2020-06-25T04:52:49.050
2018,54521,BCP Council,Bournemouth,United Kingdom of Great Britain and Northern Ireland,Europe,CDP Cities,public,No,193700,2016,POINT (-1.88076 50.7192),2020-06-25T04:52:49.050
2018,31167,City of Lagos,Lagos,Nigeria,Africa,"C40,CDP Cities",public,No,24821418,2017,POINT (3.3792 6.52437),2020-06-25T04:52:49.050
2018,50354,Alcaldía de Tegucigalpa,Tegucigalpa,Honduras,Latin America,CDP Cities,public,No,1225043,2017,POINT (-87.2044 14.1051),2020-06-25T04:52:49.050
2018,60278,Prefeitura de Fernandópolis,Fernandópolis,Brazil,Latin America,CDP Cities,non public,No,68670,2017,POINT (-50.2475 -20.2858),2020-06-25T04:52:49.050
2018,826210,Junta Intermunicipal de Medio Ambiente de la Costa Sur (JICOSUR),JICOSUR,Mexico,Latin America,CDP Cities,public,Yes,147918,2010,POINT (-104.38 19.34),2020-06-25T04:52:49.050
2018,13067,City of New Orleans,New Orleans,United States of America,North America,"C40,CDP Cities",non public,No,393292,2017,POINT (-90.0715 29.9511),2020-06-25T04:52:49.050
2018,68388,Prefeitura de Morungaba,Morungaba,Brazil,Latin America,CDP Cities,non public,Yes,13.232,2017,POINT (-46.7929 -22.8767),2020-06-25T04:52:49.050
2018,50375,Ayuntamiento de Chihuahua,Chihuahua,Mexico,Latin America,CDP Cities,public,No,819543,2010,POINT (-106.076 28.6368),2020-06-25T04:52:49.050
2018,60416,Municipalidad de San Isidro (Argentina),San Isidro (Argentina),Argentina,Latin America,CDP Cities,public,No,292.878,2010,POINT (-68.8122 -32.9775),2020-06-25T04:52:49.050
2018,74560,"City of Moab, UT",Moab,United States of America,North America,CDP Cities,public,Yes,5253,2017,POINT (-109.54 38.57),2020-06-25T04:52:49.050
2018,826237,Alcaldia de Madrid,Madrid (Colombia),Colombia,Latin America,CDP Cities,non public,Yes,82.118,2017,POINT (-74.2642 4.73245),2020-06-25T04:52:49.050
2018,53921,"City of Tempe, AZ",Tempe,United States of America,North America,CDP Cities,public,No,175826,2015,POINT (-111.94 33.4255),2020-06-25T04:52:49.050
2018,3203,City of Chicago,Chicago,United States of America,North America,"C40,CDP Cities",public,No,2714017,2016,POINT (-87.6298 41.8781),2020-06-25T04:52:49.050
2018,68385,Municipio de Chorrera,Chorrera,Panama,Latin America,CDP Cities,public,No,161470,2010,POINT (-79.7736 8.88289),2020-06-25T04:52:49.050
2018,54606,Prefeitura Municipal de Bauru,Bauru,Brazil,Latin America,CDP Cities,non public,No,343937,2010,POINT (-49.0587 -22.3145),2020-06-25T04:52:49.050
2018,61790,"City of Emeryville, CA",Emeryville,United States of America,North America,CDP Cities,public,No,11994,2017,POINT (-122.285 37.8313),2020-06-25T04:52:49.050
2018,36279,Comune di Cremona,Cremona,Italy,Europe,CDP Cities,public,Yes,,0,POINT (10.023 45.1405),2020-06-25T04:52:49.050
2018,826423,Município de Castelo Branco,Castelo Branco,Portugal,Europe,CDP Cities,public,Yes,52703,2017,POINT (-7.49189 39.8239),2020-06-25T04:52:49.050
2018,55325,Município de Águeda,Águeda,Portugal,Europe,CDP Cities,public,No,47729,2011,POINT (-8.44582 40.5753),2020-06-25T04:52:49.050
2018,50674,Município de Viseu,Viseu,Portugal,Europe,CDP Cities,non public,No,99274,2017,POINT (-7.91247 40.6566),2020-06-25T04:52:49.050
2018,36426,Riga City,Riga,Latvia,Europe,CDP Cities,public,No,637971,2017,POINT (24.1052 56.9496),2020-06-25T04:52:49.050
2018,16581,City of Seattle,Seattle,United States of America,North America,"C40,CDP Cities",public,No,725000,2017,POINT (-122.332 47.6062),2020-06-25T04:52:49.050
2018,50374,Alcaldia Distrital de Cartagena de Indias,Cartagena,Colombia,Latin America,CDP Cities,public,No,971592,2010,POINT (-75.5501 10.4218),2020-06-25T04:52:49.050
2018,59537,"City of Denton, TX",Denton,United States of America,North America,CDP Cities,non public,No,136618,2017,POINT (-97.1331 33.2148),2020-06-25T04:52:49.050
2018,58668,"City of New Bedford, MA",New Bedford,United States of America,North America,CDP Cities,public,No,95120,2017,POINT (-70.9342 41.6362),2020-06-25T04:52:49.050
2018,43969,Ciudad de Asunción,Asunción,Paraguay,Latin America,CDP Cities,public,No,525252,2017,POINT (-57.5759 -25.2637),2020-06-25T04:52:49.050
2018,2430,City of Burlington,Burlington,United States of America,North America,CDP Cities,non public,No,42284,2015,POINT (-73.2121 44.4759),2020-06-25T04:52:49.050
2018,60108,Norwich City Council,Norwich,United Kingdom of Great Britain and Northern Ireland,Europe,CDP Cities,non public,Yes,,0,POINT (1.2974 52.6309),2020-06-25T04:52:49.050
2018,36410,City of Memphis,Memphis,United States of America,North America,CDP Cities,public,No,652236,2017,POINT (-90.049 35.1495),2020-06-25T04:52:49.050
2018,36489,Comune di Olbia,Olbia,Italy,Europe,CDP Cities,non public,No,59968,2016,POINT (12.5059 41.8823),2020-06-25T04:52:49.050
2018,50560,City of Oakland,Oakland,United States of America,North America,CDP Cities,public,No,420000,2016,POINT (-122.271 37.8044),2020-06-25T04:52:49.050
2018,74531,Santa Fe County,Santa Fe County,United States of America,North America,CDP Cities,public,Yes,149790,2017,POINT (-106 35.5),2020-06-25T04:52:49.050
2018,73706,City of Alameda,Alameda,United States of America,North America,CDP Cities,public,Yes,75961,2017,POINT (122.163 37.4522),2020-06-25T04:52:49.050
2018,36002,Ville de Kinshasa,Ville de Kinshasa,Democratic Republic of the Congo,Africa,CDP Cities,public,No,17071000,2017,POINT (15.2663 -4.44193),2020-06-25T04:52:49.050
2018,54104,City of Boulder,Boulder,United States of America,North America,CDP Cities,public,No,108707,2016,POINT (-105.252 40.0274),2020-06-25T04:52:49.050
2018,60588,City of Alba-Iulia,Alba-Iulia,Romania,Europe,CDP Cities,non public,No,74000,2017,POINT (23.569 46.0823),2020-06-25T04:52:49.050
2018,54651,Prefeitura de Santo André,Santo André,Brazil,Latin America,CDP Cities,non public,Yes,676407,2010,POINT (-46.5167 -23.6583),2020-06-25T04:52:49.050
2018,43910,City of Columbus,Columbus,United States of America,North America,CDP Cities,public,No,860090,2016,POINT (-82.9988 39.9612),2020-06-25T04:52:49.050
2018,54060,City of Greater Sudbury / Grand Sudbury,Sudbury,Canada,North America,CDP Cities,public,No,160000,2011,POINT (-80.9645 46.5268),2020-06-25T04:52:49.050
2018,54110,City of Santa Monica,Santa Monica,United States of America,North America,CDP Cities,public,No,92478,2016,POINT (-118.481 34.0219),2020-06-25T04:52:49.050
2018,31177,Salt Lake City,Salt Lake City,United States of America,North America,CDP Cities,public,No,193744,2016,POINT (-111.891 40.7608),2020-06-25T04:52:49.050
2018,54298,Dalian Municipal People's Government,Dalian,China,East Asia,"C40,CDP Cities",public,No,,0,POINT (121.567 38.9389),2020-06-25T04:52:49.050
2018,31090,District of Columbia,"Washington, DC",United States of America,North America,"C40,CDP Cities",public,No,693972,2017,POINT (-77.0369 38.9072),2020-06-25T04:52:49.050
2018,60371,Alcaldía de Leticia,Leticia,Colombia,Latin America,CDP Cities,public,Yes,42280,2017,POINT (-69.9406 -4.21528),2020-06-25T04:52:49.050
2018,54388,Iskandar Regional Development Authority,Iskandar,Malaysia,Southeast Asia and Oceania,CDP Cities,public,No,1900000,2017,POINT (100.992 1.45556),2020-06-25T04:52:49.050
2018,35865,Municipality of Fortaleza,Fortaleza,Brazil,Latin America,CDP Cities,public,No,2627.482,2017,POINT (-48.3936 -10.7183),2020-06-25T04:52:49.050
2018,54100,"City of Columbia, MO","Columbia, MO",United States of America,North America,CDP Cities,public,No,119098,2017,POINT (-92.3341 38.9517),2020-06-25T04:52:49.050
2018,60254,Prefeitura de Bonito,Bonito,Brazil,Latin America,CDP Cities,public,No,21487,2010,POINT (-56.4894 -21.1254),2020-06-25T04:52:49.050
2018,59987,Hutt City Council,Hutt City,New Zealand,Southeast Asia and Oceania,CDP Cities,public,No,104700,2017,POINT (174.908 -41.2092),2020-06-25T04:52:49.050
2018,36252,Comune di Oristano,Oristano,Italy,Europe,CDP Cities,public,No,31630,2015,POINT (8.898 39.7207),2020-06-25T04:52:49.050
2018,31108,City of Houston,Houston,United States of America,North America,"C40,CDP Cities",public,No,2349993,2016,POINT (-95.3694 29.7602),2020-06-25T04:52:49.050
2018,63562,"City of South Bend, IN",South Bend,United States of America,North America,CDP Cities,public,Yes,102245,2017,POINT (41.6754 -86.2532),2020-06-25T04:52:49.050
2018,35905,Corporation of Chennai,Chennai,India,South and West Asia,"C40,CDP Cities",public,No,7600000,2016,POINT (80.2425 13.0992),2020-06-25T04:52:49.050
2018,35859,City of Cleveland,Cleveland,United States of America,North America,CDP Cities,public,No,396815,2010,POINT (-81.6944 41.4993),2020-06-25T04:52:49.050
2018,54119,City of Palo Alto,Palo Alto,United States of America,North America,CDP Cities,public,No,66649,2017,POINT (-122.143 37.4419),2020-06-25T04:52:49.050
2018,74443,"City of Clinton, IA",Clinton,United States of America,North America,CDP Cities,public,Yes,26885,2010,POINT (-90.192 41.839),2020-06-25T04:52:49.050
2018,42388,Intendencia de Montevideo,Montevideo,Uruguay,Latin America,CDP Cities,non public,No,1380432,2016,POINT (-58.2987 -34.7112),2020-06-25T04:52:49.050
2018,58865,Jammerbugt Kommune,Jammerbugt,Denmark,Europe,CDP Cities,public,No,38500,2016,POINT (9.54153 57.1453),2020-06-25T04:52:49.050
2018,49360,City of Tshwane,Pretoria - Tshwane,South Africa,Africa,"C40,CDP Cities",non public,No,3306198,2017,POINT (28.1881 -25.7461),2020-06-25T04:52:49.050
2018,62855,Egedal Municipality,Egedal,Denmark,Europe,CDP Cities,public,No,43063,2017,POINT (12.2387 55.795),2020-06-25T04:52:49.050
2018,36263,Comune di Ravenna,Ravenna,Italy,Europe,CDP Cities,public,No,,0,POINT (12.518 41.913),2020-06-25T04:52:49.050
2018,55334,Município de Braga,Braga,Portugal,Europe,CDP Cities,public,No,181182,2016,POINT (-8.43821 41.5337),2020-06-25T04:52:49.050
2018,73229,Masvingo,Masvingo,Zimbabwe,Africa,CDP Cities,non public,No,120000,2017,POINT (30.8384 -20.0792),2020-06-25T04:52:49.050
2018,46470,Ayuntamiento de Vitoria-Gasteiz,Vitoria-Gasteiz,Spain,Europe,CDP Cities,non public,Yes,250050,2017,POINT (-2.67 42.84),2020-06-25T04:52:49.050
2018,31158,Hanoi City,Hanoi,Viet Nam,Southeast Asia and Oceania,"C40,CDP Cities",non public,No,7522600,2015,POINT (105.815 21.0258),2020-06-25T04:52:49.050
2018,63919,"City of Saratoga Springs, NY",Saratoga Springs,United States of America,North America,CDP Cities,public,Yes,28027,2017,POINT (-73.8167 43.0333),2020-06-25T04:52:49.050
2018,54102,City of Albany,Albany,United States of America,North America,CDP Cities,public,No,97856,2010,POINT (-73.7562 42.6526),2020-06-25T04:52:49.050
2018,54409,City of Espoo,Espoo,Finland,Europe,CDP Cities,public,No,279044,2017,POINT (24.6559 60.2055),2020-06-25T04:52:49.050
2018,43940,Malmö Stad,Malmö,Sweden,Europe,CDP Cities,public,No,333633,2017,POINT (13.0038 55.605),2020-06-25T04:52:49.050
2018,43975,Municipalidad de Magdalena del Mar,Magdalena del Mar,Peru,Latin America,CDP Cities,public,No,59497,2017,POINT (-77.067 -12.0917),2020-06-25T04:52:49.050
2018,50387,Prefeitura de Guarulhos,Guarulhos,Brazil,Latin America,CDP Cities,non public,No,1349.113,2017,POINT (-46.5338 -23.4542),2020-06-25T04:52:49.050
2018,44185,Suwon City,Suwon,Republic of Korea,East Asia,CDP Cities,public,No,1240480,2017,POINT (126.805 37.17),2020-06-25T04:52:49.050
2018,54293,People's Government of Guangzhou Municipality,Guangzhou,China,East Asia,"C40,CDP Cities",non public,No,,0,POINT (113.264 23.1291),2020-06-25T04:52:49.050
2018,31182,City of San Francisco,San Francisco,United States of America,North America,"C40,CDP Cities",public,No,870887,2016,POINT (-122.419 37.7749),2020-06-25T04:52:49.050
2018,60272,Prefeitura de Campina Grande,Campina Grande,Brazil,Latin America,CDP Cities,public,No,410.332,2017,POINT (-35.8808 -7.2291),2020-06-25T04:52:49.050
2018,42178,Distrito Metropolitano de Quito,Quito,Ecuador,Latin America,"C40,CDP Cities",public,No,2239191,2010,POINT (-78.5167 -0.2333),2020-06-25T04:52:49.050
2018,50380,Municipio de Bucaramanga,Bucaramanga,Colombia,Latin America,CDP Cities,public,No,516.512,2005,POINT (-73.1227 7.11034),2020-06-25T04:52:49.050
2018,43909,City of Orlando,Orlando,United States of America,North America,CDP Cities,non public,No,277198,2016,POINT (-81.3792 28.5383),2020-06-25T04:52:49.050
2018,54504,Ayuntamiento de Alicante,Alicante,Spain,Europe,CDP Cities,non public,Yes,,0,POINT (-0.48149 38.3452),2020-06-25T04:52:49.050
2018,69848,Municipio de Loja,Loja,Ecuador,Latin America,CDP Cities,non public,Yes,214855,2010,POINT (-3.99313 -79.2042),2020-06-25T04:52:49.050
2018,31157,City of Delhi,Delhi,India,South and West Asia,"C40,CDP Cities",public,No,15000000,2011,POINT (77.1025 28.704),2020-06-25T04:52:49.050
2018,31156,Municipality of Curitiba,Curitiba,Brazil,Latin America,"C40,CDP Cities",public,No,1751907,2010,POINT (-49.2647 -25.4311),2020-06-25T04:52:49.050
2018,59168,Commune de Dioudoubou,Dioudoubou,Senegal,Africa,CDP Cities,public,No,7050,2017,POINT (-15.4789 12.7095),2020-06-25T04:52:49.050
2018,58357,City of West Hollywood,West Hollywood,United States of America,North America,CDP Cities,public,No,34399,2010,POINT (-118.362 34.09),2020-06-25T04:52:49.050
2018,31186,Changwon City,Changwon,Republic of Korea,East Asia,CDP Cities,public,No,1072657,2017,POINT (126.949 35.1542),2020-06-25T04:52:49.050
2018,54329,Bogor City Government,Bogor,Indonesia,Southeast Asia and Oceania,CDP Cities,non public,No,1047922,2015,POINT (106.806 -6.5971),2020-06-25T04:52:49.050
2018,50211,Tbilisi City,Tbilisi,Georgia,Europe,CDP Cities,public,No,1158.7,2017,POINT (44.8271 41.7151),2020-06-25T04:52:49.050
2018,50566,City of Anchorage,Anchorage,United States of America,North America,CDP Cities,public,No,297483,2017,POINT (-149.9 61.2181),2020-06-25T04:52:49.050
2018,60320,Prefeitura de Presidente Prudente,Presidente Prudente,Brazil,Latin America,CDP Cities,public,Yes,225.271,2017,POINT (-51.3856 -22.1276),2020-06-25T04:52:49.050
2018,54082,"City of Hollywood, FL",Hollywood,United States of America,North America,CDP Cities,public,No,143000,2016,POINT (-80.1495 26.0112),2020-06-25T04:52:49.050
2018,826446,City of Bradford,Bradford,United Kingdom of Great Britain and Northern Ireland,Europe,CDP Cities,non public,Yes,534800,2017,POINT (1.754 53.792),2020-06-25T04:52:49.050
2018,69850,Municipalidad de Comas,Comas,Peru,Latin America,CDP Cities,public,Yes,541000,2017,POINT (-77.0667 -11.95),2020-06-25T04:52:49.050
2018,50671,Município de Fafe,Fafe,Portugal,Europe,CDP Cities,public,No,50633,2011,POINT (-8.17286 41.4508),2020-06-25T04:52:49.050
2018,36469,Comune dell'Aquila,L'Aquila,Italy,Europe,CDP Cities,public,Yes,,0,POINT (13.3995 42.3505),2020-06-25T04:52:49.050
2018,35885,Tel Aviv-Yafo Municipality,Tel Aviv-Yafo,Israel,Middle East,"C40,CDP Cities",public,No,438820,2016,POINT (34.7823 32.0816),2020-06-25T04:52:49.050
2018,59151,City of Akureyri,Akureyri,Iceland,Europe,CDP Cities,public,No,18788,2017,POINT (-18.1262 65.6885),2020-06-25T04:52:49.050
2018,826208,Junta Intermunicipal de Medio Ambiente de Sierra Occidental y Costa (JISOC),JISOC,Mexico,Latin America,CDP Cities,non public,Yes,,0,POINT (-104.783 20.517),2020-06-25T04:52:49.050
2018,43970,Alcaldía Distrital de Barranquilla,Barranquilla,Colombia,Latin America,CDP Cities,non public,No,1228300,2017,POINT (-74.7782 10.9815),2020-06-25T04:52:49.050
2018,60126,Tartu City Council,Tartu,Estonia,Europe,CDP Cities,public,No,,0,POINT (26.7219 58.38),2020-06-25T04:52:49.050
2018,49335,Metropolitan Government of Nashville and Davidson County,Nashville,United States of America,North America,CDP Cities,public,No,667560,2017,POINT (-86.7816 36.1627),2020-06-25T04:52:49.050
2018,50541,City of Greensboro,Greensboro,United States of America,North America,CDP Cities,public,No,290222,2017,POINT (-79.792 36.0726),2020-06-25T04:52:49.050
2018,59166,Municipalidad de Independencia,Independencia,Chile,Latin America,CDP Cities,public,No,83059,2015,POINT (-68.8154 -32.8421),2020-06-25T04:52:49.050
2018,58797,Hørsholm Kommune,Hørsholm,Denmark,Europe,CDP Cities,public,No,24856,2015,POINT (12.5049 55.8835),2020-06-25T04:52:49.050
2018,69967,Alcaldia de Tulua,Tulua,Colombia,Latin America,CDP Cities,public,No,209086,2017,POINT (-76.1979 4.08618),2020-06-25T04:52:49.050
2018,58594,Burgas Municipality,Burgas,Bulgaria,Europe,CDP Cities,non public,No,209613,2017,POINT (27.4626 42.5048),2020-06-25T04:52:49.050
2018,31170,Metropolitan Municipality of Lima,Lima,Peru,Latin America,"C40,CDP Cities",public,No,8755262,2014,POINT (-77.0283 -12.0433),2020-06-25T04:52:49.050
2018,36223,Antananarivo,Antananarivo,Madagascar,Africa,CDP Cities,non public,No,1260937,2013,POINT (47.5079 -18.8792),2020-06-25T04:52:49.050
2018,54593,Buffalo City Metropolitan Municipality,Buffalo,South Africa,Africa,CDP Cities,non public,Yes,,0,POINT (27.6435 32.9344),2020-06-25T04:52:49.050
2018,831834,CIOESTE,Cioeste,Brazil,Latin America,CDP Cities,public,Yes,2500000,2015,POINT (-46.8729 -23.5114),2020-06-25T04:52:49.050
2018,36286,Comune di Ferrara,Ferrara,Italy,Europe,CDP Cities,public,No,133155,2015,POINT (11.619 44.8357),2020-06-25T04:52:49.050
2018,60346,Prefeitura de Santa Barbara d'Oeste,Santa Barbara d'Oeste,Brazil,Latin America,CDP Cities,non public,Yes,191.889,2010,POINT (-47.4136 -22.7536),2020-06-25T04:52:49.050
2018,63542,Lejre Kommune,Lejre,Denmark,Europe,CDP Cities,non public,No,,0,POINT (11.9645 55.6013),2020-06-25T04:52:49.050
2018,35864,Ekurhuleni Metropolitan Municipality,Ekurhuleni,South Africa,Africa,CDP Cities,public,No,3379104,2016,POINT (28.3462 -26.1777),2020-06-25T04:52:49.050
2018,54109,City of Bloomington,Bloomington,United States of America,North America,CDP Cities,public,Yes,84067,2016,POINT (-86.5264 39.1653),2020-06-25T04:52:49.050
2018,36504,Comune di Rimini,Rimini,Italy,Europe,CDP Cities,public,No,148923,2016,POINT (12.5695 44.0678),2020-06-25T04:52:49.050
2018,826243,Alcaldia de Cartago,Cartago,Colombia,Latin America,CDP Cities,public,Yes,133652,2017,POINT (-83.9194 9.86444),2020-06-25T04:52:49.050
2018,60287,Prefeitura de Feira de Santana,Feira de Santana,Brazil,Latin America,CDP Cities,non public,No,556642,2010,POINT (-38.9647 -12.2597),2020-06-25T04:52:49.050
2018,70005,Tauragė,Taurage,Lithuania,Europe,CDP Cities,public,Yes,,0,POINT (22.2897 55.2522),2020-06-25T04:52:49.050
2018,60391,Municipalidad de San Borja,San Borja,Peru,Latin America,CDP Cities,non public,Yes,111928,2015,POINT (-12.1078 -76.9989),2020-06-25T04:52:49.050
2018,50392,Prefeitura de Vitória,Vitória,Brazil,Latin America,CDP Cities,public,No,363140,2017,POINT (-40.3776 -20.3338),2020-06-25T04:52:49.050
2018,54459,City of Reykjavík,Reykjavík,Iceland,Europe,CDP Cities,public,No,123246,2017,POINT (-21.8174 64.1265),2020-06-25T04:52:49.050
2018,58310,City of Roanoke,Roanoke,United States of America,North America,CDP Cities,public,No,98465,2013,POINT (-79.9414 37.271),2020-06-25T04:52:49.050
2018,54683,Prefeitura Municipal de Franco da Rocha,Franco da Rocha,Brazil,Latin America,CDP Cities,public,No,131.604,2010,POINT (-46.732 -23.3094),2020-06-25T04:52:49.050
2018,55419,City of Miramar,Miramar,United States of America,North America,CDP Cities,public,No,134037,2016,POINT (-80.3036 25.9861),2020-06-25T04:52:49.050
2018,35879,City of Minneapolis,Minneapolis,United States of America,North America,CDP Cities,public,No,419952,2016,POINT (-93.2667 44.9833),2020-06-25T04:52:49.050
2018,54078,City of Hayward,Hayward,United States of America,North America,CDP Cities,public,No,158985,2016,POINT (-122.081 37.6689),2020-06-25T04:52:49.050
2018,54026,City of Tacoma,Tacoma,United States of America,North America,CDP Cities,public,Yes,211277,2016,POINT (-122.444 47.2529),2020-06-25T04:52:49.050
2018,58796,Odder Kommune,Odder,Denmark,Europe,CDP Cities,public,No,22.626,2017,POINT (10.15 55.9757),2020-06-25T04:52:49.050
2018,60349,Prefeitura de São Leopoldo,São Leopoldo,Brazil,Latin America,CDP Cities,public,No,226.68,2016,POINT (-51.1493 -29.761),2020-06-25T04:52:49.050
2018,58513,City of Medford,Medford,United States of America,North America,CDP Cities,public,No,57797,2017,POINT (-122.876 42.3265),2020-06-25T04:52:49.050
2018,50782,Dhaka City,Dhaka,Bangladesh,South and West Asia,"C40,CDP Cities",public,No,4500000,0,POINT (90.4125 23.8103),2020-06-25T04:52:49.050
2018,36043,Abuja Federal Capital Territory,Abuja,Nigeria,Africa,CDP Cities,public,No,2440000,2017,POINT (7.39857 9.07647),2020-06-25T04:52:49.050
2018,54649,Prefeitura de Tatuí,Tatuí,Brazil,Latin America,CDP Cities,public,No,116.296,2017,POINT (-47.8466 -23.3492),2020-06-25T04:52:49.050
2018,826209,Aipromades Lago de Chapala,Chapala,Mexico,Latin America,CDP Cities,public,Yes,601263,2015,POINT (-103.191 20.2962),2020-06-25T04:52:49.050
2018,60142,City of Kisumu,Kisumu,Kenya,Africa,CDP Cities,public,No,968909,2009,POINT (34.7679 -0.0917),2020-06-25T04:52:49.050
2018,54623,Prefeitura de Betim,Betim,Brazil,Latin America,CDP Cities,public,No,378089,2010,POINT (-44.2012 -19.9673),2020-06-25T04:52:49.050
2018,31180,Región Metropolitana de Santiago,Santiago,Chile,Latin America,"C40,CDP Cities",public,No,7112808,2017,POINT (-70.6693 -33.4489),2020-06-25T04:52:49.050
2018,50371,Municipalidad de Córdoba,Córdoba,Argentina,Latin America,CDP Cities,public,No,1430000,2017,POINT (-64.1888 -31.4201),2020-06-25T04:52:49.050
2018,36484,Comune di Monza,Monza,Italy,Europe,CDP Cities,non public,No,123598,2017,POINT (9.0371 45.8315),2020-06-25T04:52:49.050
2018,36045,Santiago de Guayaquil,Santiago de Guayaquil,Ecuador,Latin America,CDP Cities,public,No,2440553,2010,POINT (-79.9223 -2.17099),2020-06-25T04:52:49.050
2018,54497,City of Wroclaw,Wroclaw,Poland,Europe,CDP Cities,public,No,638600,2017,POINT (17.0385 51.1079),2020-06-25T04:52:49.050
2018,50681,Município de Funchal,Funchal,Portugal,Europe,CDP Cities,non public,No,111892,2011,POINT (-16.9241 32.6669),2020-06-25T04:52:49.050
2018,32480,City of Adelaide,Adelaide,Australia,Southeast Asia and Oceania,CDP Cities,public,No,23916,2017,POINT (138.601 -34.9285),2020-06-25T04:52:49.050
2018,46473,City of Zaragoza,Zaragoza,Spain,Europe,CDP Cities,public,No,664938,2017,POINT (-0.88701 41.6086),2020-06-25T04:52:49.050
2018,31181,City of Philadelphia,Philadelphia,United States of America,North America,"C40,CDP Cities",public,No,1559938,2016,POINT (-75.1638 39.9523),2020-06-25T04:52:49.050
2018,58610,Municipality of Hjørring,Hjørring,Denmark,Europe,CDP Cities,public,No,,0,POINT (9.9958 57.4568),2020-06-25T04:52:49.050
2018,60356,Prefeitura de Tupã,Tupã,Brazil,Latin America,CDP Cities,public,No,63476,2010,POINT (-50.5196 -21.934),2020-06-25T04:52:49.050
2018,58569,City of Podgorica,Podgorica,Montenegro,Europe,CDP Cities,public,No,185937,2011,POINT (19.2594 42.4304),2020-06-25T04:52:49.050
2018,54709,Prefeitura de Blumenau,Blumenau,Brazil,Latin America,CDP Cities,non public,No,309011,2010,POINT (-49.0717 -26.9166),2020-06-25T04:52:49.050
2018,35886,Comune di Torino,Torino,Italy,Europe,CDP Cities,public,No,884733,2017,POINT (7.668 45.1006),2020-06-25T04:52:49.050
2018,60387,Alcaldíade Sincelejo,Sincelejo,Colombia,Latin America,CDP Cities,public,No,275207,2015,POINT (-75.3906 9.30457),2020-06-25T04:52:49.050
2018,62791,City of Botosani,Botosani,Romania,Europe,CDP Cities,non public,Yes,106847,2011,POINT (26.6658 47.7407),2020-06-25T04:52:49.050
2018,36158,Comune di Napoli,Napoli,Italy,Europe,CDP Cities,non public,No,983.755,2014,POINT (14.2514 40.842),2020-06-25T04:52:49.050
2018,35848,Municipality of Belo Horizonte,Belo Horizonte,Brazil,Latin America,CDP Cities,public,No,2375151,2010,POINT (-43.9345 -19.9167),2020-06-25T04:52:49.050
2018,63616,Abasan Al-Kabira Municipality,Abasan Al-Kabira,State of Palestine,Middle East,CDP Cities,public,No,32000,2017,POINT (34.344 31.3231),2020-06-25T04:52:49.050
2018,49339,City and County of Honolulu,Honolulu,United States of America,North America,CDP Cities,public,Yes,992605,2017,POINT (157.59 21.28),2020-06-25T04:52:49.050
2018,58867,City of Wisconsin Rapids,Wisconsin Rapids,United States of America,North America,CDP Cities,public,No,18367,2010,POINT (-89.839 44.3603),2020-06-25T04:52:49.050
2018,50673,Município de Faro,Faro,Portugal,Europe,CDP Cities,public,No,61073,2016,POINT (-7.93044 37.0194),2020-06-25T04:52:49.050
2018,31115,City of Johannesburg,Johannesburg,South Africa,Africa,"C40,CDP Cities",public,No,4900000,2016,POINT (28.0473 -26.2041),2020-06-25T04:52:49.050
2018,31114,City of Sydney,City of Sydney,Australia,Southeast Asia and Oceania,"C40,CDP Cities",public,No,233219,2017,POINT (151.207 -33.8675),2020-06-25T04:52:49.050
2018,54092,City of Ann Arbor,Ann Arbor,United States of America,North America,CDP Cities,public,No,1177700,2017,POINT (-83.743 42.2808),2020-06-25T04:52:49.050
2018,50362,Municipalidad de Concepción,Concepción,Chile,Latin America,CDP Cities,non public,Yes,223.574,2017,POINT (-73.0498 -36.827),2020-06-25T04:52:49.050
2018,62864,"City of Lancaster, PA","Lancaster, PA",United States of America,North America,CDP Cities,public,No,60000,2016,POINT (-76.3055 40.0379),2020-06-25T04:52:49.050
2018,14874,"City of Portland, OR","Portland, OR",United States of America,North America,"C40,CDP Cities",public,No,639863,2016,POINT (-122.682 45.52),2020-06-25T04:52:49.050
2018,60379,Alcaldía de Tunja,Tunja,Colombia,Latin America,CDP Cities,non public,No,152419,2005,POINT (-3.63354 40.4712),2020-06-25T04:52:49.050
2018,60213,Šiauliai City Municipality,Šiauliai,Lithuania,Europe,CDP Cities,non public,No,,0,POINT (23.3137 55.9349),2020-06-25T04:52:49.050
2018,54128,City of Reno,Reno,United States of America,North America,CDP Cities,public,No,245255,2016,POINT (-119.814 39.5296),2020-06-25T04:52:49.050
2018,50549,City of Fort Worth,Fort Worth,United States of America,North America,CDP Cities,public,No,833000,2015,POINT (-97.3308 32.7555),2020-06-25T04:52:49.050
2018,31179,Gemeente Rotterdam,Rotterdam,Netherlands,Europe,"C40,CDP Cities",public,No,638.466,2017,POINT (4.45093 51.9164),2020-06-25T04:52:49.050
2018,60633,La mairie de Bujumbura,Bujumbura,Burundi,Africa,CDP Cities,public,No,1000000,2017,POINT (29.3599 -3.36137),2020-06-25T04:52:49.050
2018,31164,Ho Chi Minh City,Ho Chi Minh,Viet Nam,Southeast Asia and Oceania,"C40,CDP Cities",public,No,8611000,2017,POINT (106.66 10.7626),2020-06-25T04:52:49.050
2018,54625,Prefeitura de Londrina,Londrina,Brazil,Latin America,CDP Cities,public,No,506701,2010,POINT (-51.1505 -23.3356),2020-06-25T04:52:49.050
2018,31173,Comune di Milano,Milano,Italy,Europe,"C40,CDP Cities",non public,No,1380873,2017,POINT (9.08635 45.8026),2020-06-25T04:52:49.050
2018,1184,City of Austin,Austin,United States of America,North America,"C40,CDP Cities",public,No,1265974,2017,POINT (-97.7431 30.2672),2020-06-25T04:52:49.050
2018,60292,Prefeitura de Jahu,Jahu,Brazil,Latin America,CDP Cities,public,No,,0,POINT (-48.5755 -22.3028),2020-06-25T04:52:49.050
2018,54656,Prefeitura de Vinhedo,Vinhedo,Brazil,Latin America,CDP Cities,public,No,71217,2014,POINT (-46.9838 -23.0307),2020-06-25T04:52:49.050
2018,50154,City of Turku,Turku,Finland,Europe,CDP Cities,public,No,190000,2017,POINT (22.2666 60.4518),2020-06-25T04:52:49.050
2018,50650,City of Gibraltar,Gibraltar,Gibraltar,Europe,CDP Cities,public,No,34408,2016,POINT (-5.35359 36.1408),2020-06-25T04:52:49.050
2018,31111,Tokyo Metropolitan Government,Tokyo,Japan,East Asia,"C40,CDP Cities",public,No,13857664,2017,POINT (139.41 35.41),2020-06-25T04:52:49.050
2018,35868,Free and Hanseatic City of Hamburg,Hamburg,Germany,Europe,CDP Cities,non public,No,1810438,2016,POINT (9.99368 53.5511),2020-06-25T04:52:49.050
2018,60216,City of Växjö,Växjö,Sweden,Europe,CDP Cities,public,Yes,91060,2017,POINT (14.8091 56.8777),2020-06-25T04:52:49.050
2018,60546,Nanjing Municipal People's Government,Nanjing,China,East Asia,"C40,CDP Cities",public,No,8335000,0,POINT (118.797 32.0603),2020-06-25T04:52:49.050
2018,60236,Municipality of Trelleborg,Trelleborg,Sweden,Europe,CDP Cities,non public,No,,0,POINT (13.1569 55.3751),2020-06-25T04:52:49.050
2018,35755,Village of Kadiovacik,Urla,Turkey,Europe,CDP Cities,public,No,228,2017,POINT (26.5536 38.3434),2020-06-25T04:52:49.050
2018,59552,"City of Davis, CA","Davis, CA",United States of America,North America,CDP Cities,public,No,68111,2016,POINT (-121.741 38.5449),2020-06-25T04:52:49.050
2018,58528,Pristina Municipality,Pristina,Serbia,Europe,CDP Cities,non public,No,201804,2011,POINT (21.1655 42.6629),2020-06-25T04:52:49.050
2018,826188,Ayuntamiento de Tuxcueca,Tuxcueca,Mexico,Latin America,CDP Cities,public,Yes,6000,2017,POINT (-103.24 20.8555),2020-06-25T04:52:49.050
2018,36283,Comune di Como,Como,Italy,Europe,CDP Cities,non public,Yes,,0,POINT (9.08065 45.8008),2020-06-25T04:52:49.050
2018,54529,City of Leicester,Leicester,United Kingdom of Great Britain and Northern Ireland,Europe,CDP Cities,public,No,349500,2016,POINT (-1.1333 52.6333),2020-06-25T04:52:49.050
2018,60393,Municipalidad de Santiago,Santiago,Chile,Latin America,CDP Cities,public,No,404495,2017,POINT (-70.6693 -33.4489),2020-06-25T04:52:49.050
2018,53254,City of Hobart,Hobart,Australia,Southeast Asia and Oceania,CDP Cities,public,No,50440,2016,POINT (147.281 -42.8901),2020-06-25T04:52:49.050
2018,35860,City of Dallas,Dallas,United States of America,North America,CDP Cities,non public,No,1317942,2016,POINT (-96.8004 32.7801),2020-06-25T04:52:49.050
2018,46514,City of Porto,Porto,Portugal,Europe,CDP Cities,public,No,237591,2011,POINT (-8.6291 41.1579),2020-06-25T04:52:49.050
2018,54652,Prefeitura de Osasco,Osasco,Brazil,Latin America,CDP Cities,public,Yes,676.149,2017,POINT (23.5328 46.7919),2020-06-25T04:52:49.050
2018,50572,"City of Saint Paul, MN",Saint Paul,United States of America,North America,CDP Cities,public,No,300398,2016,POINT (-93.09 44.9537),2020-06-25T04:52:49.050
2018,54048,City of Knoxville,Knoxville,United States of America,North America,CDP Cities,public,No,186239,2016,POINT (-83.9207 35.9606),2020-06-25T04:52:49.050
2018,64014,City of Cupertino,Cupertino,United States of America,North America,CDP Cities,public,No,60777,2017,POINT (-122.032 37.323),2020-06-25T04:52:49.050
2018,3429,City of Stockholm,Stockholm,Sweden,Europe,"C40,CDP Cities",public,No,935619,2016,POINT (18.0686 59.3293),2020-06-25T04:52:49.050
2018,52164,Prefeitura Municipal de Macapá,Macapá,Brazil,Latin America,CDP Cities,non public,No,456171,2015,POINT (-51.0705 0.0356),2020-06-25T04:52:49.050
2018,57641,Wrexham council,Wrexham,United Kingdom of Great Britain and Northern Ireland,Europe,CDP Cities,public,Yes,,0,POINT (-2.9913 53.0466),2020-06-25T04:52:49.050
2018,54688,Prefeitura Municipal de São Vicente,São Vicente,Brazil,Latin America,CDP Cities,public,Yes,333,2017,POINT (-46.3919 -23.963),2020-06-25T04:52:49.050
2018,59644,"City of Culver City, CA",Culver City,United States of America,North America,CDP Cities,public,Yes,39395,2016,POINT (-118.4 34.02),2020-06-25T04:52:49.050
2018,36477,Comune di Lucca,Lucca,Italy,Europe,CDP Cities,public,No,89874,0,POINT (10.6174 43.8399),2020-06-25T04:52:49.050
2018,44073,Municipalité de Rabat,Rabat,Morocco,Africa,CDP Cities,public,No,,0,POINT (-6.8498 33.9716),2020-06-25T04:52:49.050
2018,49342,City of Rochester,Rochester,United States of America,North America,CDP Cities,public,No,208046,2017,POINT (-77.6109 43.161),2020-06-25T04:52:49.050
2018,54348,The Local Government of Quezon City,Quezon City,Philippines,Southeast Asia and Oceania,"C40,CDP Cities",public,No,3005413,2017,POINT (120.862 15.6835),2020-06-25T04:52:49.050
2018,830907,Prefeitura Municipal de Cotriguaçu,Cotriguaçu,Brazil,Latin America,CDP Cities,public,Yes,,0,POINT (-58.5544 -9.86825),2020-06-25T04:52:49.050
2018,60178,Linköping Municipality,Linköping,Sweden,Europe,CDP Cities,public,Yes,,0,POINT (15.6216 58.4109),2020-06-25T04:52:49.050
2018,60279,Prefeitura de Campos de Goytacazes,Campos de Goytacazes,Brazil,Latin America,CDP Cities,non public,No,483970,2015,POINT (-41.2683 -21.8323),2020-06-25T04:52:49.050
2018,35913,City of Nairobi,Nairobi,Kenya,Africa,"C40,CDP Cities",public,No,4500000,2017,POINT (36.8219 -1.29206),2020-06-25T04:52:49.050
2018,31175,City of Paris,Paris,France,Europe,"C40,CDP Cities",public,No,2265886,2015,POINT (2.35222 48.8566),2020-06-25T04:52:49.050
2018,35904,Kolkata Metropolitan Area,Kolkata,India,South and West Asia,"C40,CDP Cities",public,No,14030000,2011,POINT (88.3639 22.5726),2020-06-25T04:52:49.050
2018,58590,"City of Easton, PA",Easton,United States of America,North America,CDP Cities,public,No,26996,2017,POINT (-75.2207 40.6884),2020-06-25T04:52:49.050
2018,50384,Prefeitura de Florianópolis,Florianópolis,Brazil,Latin America,CDP Cities,public,No,550000,2010,POINT (-48.5482 -27.595),2020-06-25T04:52:49.050
2018,43911,City of Ottawa,Ottawa,Canada,North America,CDP Cities,public,No,979.173,2017,POINT (-75.6972 45.4215),2020-06-25T04:52:49.050
2018,59545,"City of Charlottesville, VA",Charlottesville,United States of America,North America,CDP Cities,public,No,46912,2016,POINT (-78.4767 38.0293),2020-06-25T04:52:49.050
2018,43932,Auckland Council,Auckland,New Zealand,Southeast Asia and Oceania,"C40,CDP Cities",public,No,1657200,2017,POINT (174.742 -36.8153),2020-06-25T04:52:49.050
2018,50557,City of Norfolk,Norfolk,United States of America,North America,CDP Cities,public,Yes,246256,2017,POINT (38.8468 -76.2851),2020-06-25T04:52:49.050
2018,74594,City of Boynton Beach,Boynton Beach,United States of America,North America,CDP Cities,public,Yes,73992,2017,POINT (-80.216 26.4986),2020-06-25T04:52:49.050
2018,43920,City of Ljubljana,Ljubljana,Slovenia,Europe,CDP Cities,public,No,288307,2017,POINT (14.5058 46.0569),2020-06-25T04:52:49.050
2018,69973,Alcaldia de Barrancabermeja,Barrancabermeja,Colombia,Latin America,CDP Cities,public,No,191.704,2016,POINT (-73.8724 7.06066),2020-06-25T04:52:49.050
2018,71557,Quelimane Municipal Council,Quelimane,Mozambique,Africa,CDP Cities,public,No,250000,2017,POINT (36.9218 -17.8503),2020-06-25T04:52:49.050
2018,831616,Commune de Tsévié,Tsévié,Togo,Africa,CDP Cities,public,Yes,59000,2017,POINT (1.21333 6.42611),2020-06-25T04:52:49.050
2018,36265,Comune di Reggio Emilia,Reggio Emilia,Italy,Europe,CDP Cities,public,No,,0,POINT (10.8774 44.4376),2020-06-25T04:52:49.050
2018,831425,Alcaldía Municipal La Paz,La Paz (Honduras),Honduras,Latin America,CDP Cities,non public,Yes,47416,2017,POINT (-87.6792 14.3194),2020-06-25T04:52:49.050
2018,35874,City of Phoenix,Phoenix,United States of America,North America,CDP Cities,public,No,1615017,2016,POINT (-112.074 33.4484),2020-06-25T04:52:49.050
2018,59180,Middelfart Kommune,Middelfart,Denmark,Europe,CDP Cities,public,No,38093,2017,POINT (9.87264 55.471),2020-06-25T04:52:49.050
2018,35993,Singapore Government,Singapore,Singapore,Southeast Asia and Oceania,"C40,CDP Cities",public,No,5610000,2017,POINT (103.82 1.35208),2020-06-25T04:52:49.050
2018,59163,City of Tirana,Tirana,Albania,Europe,CDP Cities,non public,No,780531,2016,POINT (19.8187 41.3275),2020-06-25T04:52:49.050
2018,31112,Kaohsiung City Government,Kaohsiung,"Taiwan, Greater China",East Asia,CDP Cities,public,No,2776912,2017,POINT (120.344 22.6297),2020-06-25T04:52:49.050
2018,50389,Prefeitura de Maceió,Maceió,Brazil,Latin America,CDP Cities,public,No,1021127,2017,POINT (-35.718 -9.67342),2020-06-25T04:52:49.050
2018,14344,"City of Park City, UT",Park City,United States of America,North America,CDP Cities,public,No,7873,2012,POINT (-111.498 40.6461),2020-06-25T04:52:49.050
2018,50382,Municipio de Mérida,Mérida,Mexico,Latin America,CDP Cities,public,No,830732,2010,POINT (-89.5926 20.9674),2020-06-25T04:52:49.050
2018,826236,Prefeitura de Tremembé,Tremembé,Brazil,Latin America,CDP Cities,non public,Yes,40984,2015,POINT (-45.548 -22.9576),2020-06-25T04:52:49.050
2018,58868,Regional Municipality of Durham,Durham,Canada,North America,CDP Cities,public,No,673070,2017,POINT (-78.9288 43.9368),2020-06-25T04:52:49.050
2018,49333,"City of Louisville, KY",Louisville,United States of America,North America,CDP Cities,public,No,771158,2017,POINT (-85.6784 38.196),2020-06-25T04:52:49.050
2018,36262,Comune di Genova,Genova,Italy,Europe,CDP Cities,public,No,580548,2017,POINT (9.31841 44.348),2020-06-25T04:52:49.050
2018,832078,Município de Mafra,Mafra,Portugal,Europe,CDP Cities,non public,Yes,81961,2015,POINT (-9.32771 38.9385),2020-06-25T04:52:49.050
2018,35272,City of New Haven (CT),New Haven ,United States of America,North America,CDP Cities,public,Yes,131014,2017,POINT (-72.9276 41.3093),2020-06-25T04:52:49.050
2018,36037,Santiago de Cali,Santiago de Cali,Colombia,Latin America,CDP Cities,public,No,2369829,2015,POINT (-76.532 3.45164),2020-06-25T04:52:49.050
2018,55322,Município de Vila Nova de Famalicão,Vila Nova de Famalicão,Portugal,Europe,CDP Cities,public,No,133834,2011,POINT (-8.7476 41.381),2020-06-25T04:52:49.050
2018,58595,Municipalidad de Belén,Belén,Costa Rica,Latin America,CDP Cities,non public,No,24000000,2017,POINT (-84.1503 10.0035),2020-06-25T04:52:49.050
2018,73282,Municipality of Ilha de Mozambique,Ilha,Mozambique,Africa,CDP Cities,public,No,,0,POINT (-40.7323 -15.0364),2020-06-25T04:52:49.050
2018,74680,City of Iasi,Iasi,Romania,Europe,CDP Cities,public,Yes,363143,2017,POINT (27.35 47.1),2020-06-25T04:52:49.050
2018,31052,City of Cardiff,Cardiff,United Kingdom of Great Britain and Northern Ireland,Europe,CDP Cities,non public,No,361000,2016,POINT (-3.17909 51.4816),2020-06-25T04:52:49.050
2018,54631,Prefeitura de Cajamar,Cajamar,Brazil,Latin America,CDP Cities,public,No,73921,2016,POINT (-46.8725 -23.3646),2020-06-25T04:52:49.050
2018,55442,Município de Moita,Moita,Portugal,Europe,CDP Cities,public,No,66029,2011,POINT (-8.65731 41.3028),2020-06-25T04:52:49.050
2018,60381,Alcaldía Distrital de Santa Marta,Santa Marta,Colombia,Latin America,CDP Cities,non public,No,491.387,2017,POINT (-74.2127 11.2453),2020-06-25T04:52:49.050
2018,43914,City of Charlotte,Charlotte,United States of America,North America,CDP Cities,non public,No,842051,2015,POINT (-80.8431 35.2271),2020-06-25T04:52:49.050
2018,54666,Prefeitura Municipal da Estância Turística de Olímpia,Olímpia,Brazil,Latin America,CDP Cities,public,No,51092,2014,POINT (-48.9111 -20.7371),2020-06-25T04:52:49.050
2018,74427,City of Sarasota,Sarasota,United States of America,North America,CDP Cities,non public,Yes,56000,2016,POINT (27.3364 82.5307),2020-06-25T04:52:49.050
2018,60621,Lilongwe City Council,Lilongwe,Malawi,Africa,CDP Cities,public,No,1100000,2017,POINT (33.7741 -13.9626),2020-06-25T04:52:49.050
2018,59538,City of Mississauga,Mississauga,Canada,North America,CDP Cities,public,Yes,721599,2016,POINT (43.589 -79.6441),2020-06-25T04:52:49.050
2018,35867,Region Metropolitana de Guadalajara,Guadalajara,Mexico,Latin America,"C40,CDP Cities",public,No,1460148,2015,POINT (-103.35 20.6597),2020-06-25T04:52:49.050
2018,60264,Prefeitura de Botucatu,Botucatu,Brazil,Latin America,CDP Cities,public,No,,0,POINT (-48.4441 -22.8852),2020-06-25T04:52:49.050
2018,52897,City of Aspen,Aspen,United States of America,North America,CDP Cities,non public,No,8427,2010,POINT (-106.837 39.195),2020-06-25T04:52:49.050
2018,60394,Gobierno Autónomo Municipal de Tarija,Tarija,Bolivia (Plurinational State of),Latin America,CDP Cities,public,No,205375,2016,POINT (-63.4884 -21.2666),2020-06-25T04:52:49.050
2018,35862,City of Detroit,Detroit,United States of America,North America,CDP Cities,public,No,673104,2017,POINT (-83.0457 42.3314),2020-06-25T04:52:49.050
2018,826126,Ayuntamiento de Ixtlahuacán del Río,Ixtlahuacán del Río,Mexico,Latin America,CDP Cities,non public,Yes,19005,2010,POINT (-103.24 20.8555),2020-06-25T04:52:49.050
2018,54289,Wuhan Municipal People's Government,Wuhan,China,East Asia,"C40,CDP Cities",non public,No,10892900,2017,POINT (114.325 30.6435),2020-06-25T04:52:49.050
2018,60273,Prefeitura de Extrema,Extrema,Brazil,Latin America,CDP Cities,public,No,34344,2017,POINT (-46.328 -22.8403),2020-06-25T04:52:49.050
2018,49327,City of Providence,Providence,United States of America,North America,CDP Cities,public,No,178562,2014,POINT (-71.4128 41.824),2020-06-25T04:52:49.050
2018,69849,Santa Cruz de Galápagos,Santa Cruz de Galápagos,Ecuador,Latin America,CDP Cities,non public,Yes,15701,2015,POINT (-90.42 -0.38),2020-06-25T04:52:49.050
2018,74466,"Village of South Barrington, IL",South Barrington,United States of America,North America,CDP Cities,non public,Yes,4565,2010,POINT (42.0736 88.148),2020-06-25T04:52:49.050
2018,831152,Municipio de San Pedro de Urabá,San Pedro de Urabá,Colombia,Latin America,CDP Cities,public,Yes,,0,POINT (8.34552 -76.3414),2020-06-25T04:52:49.050
2018,60271,Prefeitura de Bertioga,Bertioga,Brazil,Latin America,CDP Cities,public,No,59.297,2017,POINT (-46.0599 -23.8081),2020-06-25T04:52:49.050
2018,832009,Ayuntamiento de Xalapa,Xalapa,Mexico,Latin America,CDP Cities,public,Yes,480841,2015,POINT (-98.7556 20.1318),2020-06-25T04:52:49.050
2018,830945,Prefeitura Municipal de Juruena,Juruena,Brazil,Latin America,CDP Cities,public,Yes,,0,POINT (-58.3589 -10.3178),2020-06-25T04:52:49.050
2018,63999,"City of Miami Beach, FL",Miami Beach,United States of America,North America,CDP Cities,public,No,91917,2016,POINT (-80.13 25.7906),2020-06-25T04:52:49.050
2018,54124,City of Fremont,Fremont,United States of America,North America,CDP Cities,public,Yes,234962,2017,POINT (-121.989 37.5483),2020-06-25T04:52:49.050
2018,73530,"Town of Lexington, MA","Lexington, MA",United States of America,North America,CDP Cities,public,Yes,31394,2010,POINT (-71.2269 42.4443),2020-06-25T04:52:49.050
2018,54390,Hsinchu County Government,Hsinchu County,"Taiwan, Greater China",East Asia,CDP Cities,non public,No,552334,2017,POINT (121.013 24.8269),2020-06-25T04:52:49.050
2018,74525,"City of Missoula, MT",Missoula,United States of America,North America,CDP Cities,non public,Yes,72364,2016,POINT (113.994 46.8721),2020-06-25T04:52:49.050
2018,43928,Canberra,Canberra,Australia,Southeast Asia and Oceania,CDP Cities,public,No,415000,2017,POINT (149.124 -35.3075),2020-06-25T04:52:49.050
2018,54637,Alcaldía de Cuenca,Cuenca,Ecuador,Latin America,CDP Cities,public,No,505585,2010,POINT (-79.0048 -2.90841),2020-06-25T04:52:49.050
2018,36494,Comune di Padova,Padova,Italy,Europe,CDP Cities,public,No,211210,2017,POINT (11.8768 45.4064),2020-06-25T04:52:49.050
2018,50680,Município de Cascais,Cascais,Portugal,Europe,CDP Cities,public,No,208122,2014,POINT (-9.42229 38.697),2020-06-25T04:52:49.050
2018,831433,Comuna de Ataliva,Ataliva,Argentina,Latin America,CDP Cities,public,Yes,2500,2010,POINT (61 31),2020-06-25T04:52:49.050
2018,60652,Morogoro Municipal Council,Morogoro,United Republic of Tanzania,Africa,CDP Cities,non public,No,315866,2012,POINT (37.6706 -6.8304),2020-06-25T04:52:49.050
2018,35887,Ajuntament de Valencia,Valencia,Spain,Europe,CDP Cities,public,No,790201,2016,POINT (-0.3763 39.4699),2020-06-25T04:52:49.050
2018,73413,Commune de Cocody,Cocody,Côte d'Ivoire,Africa,CDP Cities,public,No,800,2014,POINT (-3.9674 5.3602),2020-06-25T04:52:49.050
2018,43905,City of San Antonio,San Antonio,United States of America,North America,CDP Cities,public,No,1469845,2015,POINT (-98.4936 29.4241),2020-06-25T04:52:49.050
2018,36492,Comune di Parma,Parma,Italy,Europe,CDP Cities,public,No,,0,POINT (10.3279 44.8015),2020-06-25T04:52:49.050
2018,60410,Municipalidad de Peñalolén,Peñalolén,Chile,Latin America,CDP Cities,non public,No,241599,2017,POINT (-70.5302 -33.454),2020-06-25T04:52:49.050
2018,59697,"City of Lake Worth, FL",Lake Worth,United States of America,North America,CDP Cities,public,No,36000,2017,POINT (-80.0684 26.6168),2020-06-25T04:52:49.050
2018,58485,Abington Township,Abington,United States of America,North America,CDP Cities,public,No,55310,2010,POINT (-75.1195 40.1241),2020-06-25T04:52:49.050
2018,42120,City of Salvador,Salvador,Brazil,Latin America,"C40,CDP Cities",non public,No,2902927,2014,POINT (-38.5023 -12.973),2020-06-25T04:52:49.050
2018,50568,City of Saskatoon,Saskatoon,Canada,North America,CDP Cities,public,No,265300,2016,POINT (-106.67 52.1332),2020-06-25T04:52:49.050
2018,35883,City of San José,"San José, CA",United States of America,North America,CDP Cities,public,No,1046079,2017,POINT (-121.886 37.3382),2020-06-25T04:52:49.050
2018,35884,City of San Diego,San Diego,United States of America,North America,CDP Cities,non public,No,1394928,2015,POINT (-117.17 32.7181),2020-06-25T04:52:49.050
2018,54641,Prefeitura de Limeira,Limeira,Brazil,Latin America,CDP Cities,public,No,276022,2010,POINT (-47.3974 -22.5665),2020-06-25T04:52:49.050
2018,31184,Prefeitura de São Paulo,São Paulo,Brazil,Latin America,"C40,CDP Cities",public,No,11253.503,2017,POINT (-46.7382 -23.5595),2020-06-25T04:52:49.050
2018,54066,City of Fort Collins,Fort Collins,United States of America,North America,CDP Cities,public,No,167492,2017,POINT (-105.084 40.5853),2020-06-25T04:52:49.050
2018,54681,Prefeitura Municipal de Araçatuba,Araçatuba,Brazil,Latin America,CDP Cities,public,Yes,194.874,2017,POINT (-50.4328 -21.2089),2020-06-25T04:52:49.050
2018,55380,Prefeitura Municipal de Cubatão,Cubatão,Brazil,Latin America,CDP Cities,non public,No,118720,2010,POINT (-46.4234 -23.8994),2020-06-25T04:52:49.050
2018,58531,"City of Somerville, MA",Somerville,United States of America,North America,CDP Cities,public,No,79507,2016,POINT (-71.0826 42.3934),2020-06-25T04:52:49.050
2018,36470,Comune della Spezia,La Spezia,Italy,Europe,CDP Cities,non public,Yes,93787,2017,POINT (9.83632 44.111),2020-06-25T04:52:49.050
2018,826427,Município de Valongo,Valongo,Portugal,Europe,CDP Cities,non public,Yes,95660,2017,POINT (-8.49835 41.1887),2020-06-25T04:52:49.050
2018,1093,City of Atlanta,Atlanta,United States of America,North America,CDP Cities,public,No,450182,2017,POINT (-84.388 33.749),2020-06-25T04:52:49.050
2018,54493,Kristiansand Municipality,Kristiansand,Norway,Europe,CDP Cities,public,No,91440,2017,POINT (8.0182 58.1599),2020-06-25T04:52:49.050
2018,73302,"City of Port Allen, LA",Port Allen,United States of America,North America,CDP Cities,public,No,,0,POINT (-91.2073 30.4475),2020-06-25T04:52:49.050
2018,31174,Moscow Government,Moscow,Russian Federation,Europe,"C40,CDP Cities",non public,No,12380664,2017,POINT (37.6173 55.7558),2020-06-25T04:52:49.050
2018,49330,Kansas City,Kansas City,United States of America,North America,CDP Cities,public,Yes,467007,2013,POINT (-94.573 39.1429),2020-06-25T04:52:49.050
2018,74508,"City of Winona, MN",Winona,United States of America,North America,CDP Cities,public,Yes,26928,2017,POINT (-91.6663 44.0554),2020-06-25T04:52:49.050
2018,54616,Gobierno Autonomo de Cochabamba,Cochabamba,Bolivia (Plurinational State of),Latin America,CDP Cities,non public,Yes,697970,2017,POINT (-66.1653 -17.414),2020-06-25T04:52:49.050
2018,69968,Alcaldia de Rionegro,Rionegro,Colombia,Latin America,CDP Cities,public,No,133000,2017,POINT (-75.3739 6.15316),2020-06-25T04:52:49.050
2018,60354,Prefeitura de São Sebastião,São Sebastião,Brazil,Latin America,CDP Cities,public,Yes,73942,2010,POINT (-23.76 -45.41),2020-06-25T04:52:49.050
2018,54668,Prefeitura Municipal de Aparecida de Goiânia,Aparecida de Goiânia,Brazil,Latin America,CDP Cities,public,No,542090,2017,POINT (-49.2648 -16.6869),2020-06-25T04:52:49.050
2018,31117,City of Toronto,Toronto,Canada,North America,"C40,CDP Cities",public,No,2731571,2016,POINT (-79.3832 43.6532),2020-06-25T04:52:49.050
2018,59633,"City of Santa Cruz, CA","Santa Cruz, CA",United States of America,North America,CDP Cities,public,No,64465,2016,POINT (-122.031 36.9741),2020-06-25T04:52:49.050
2018,69999,Greifswald,Greifswald,Germany,Europe,CDP Cities,non public,No,,0,POINT (12.3923 54.0865),2020-06-25T04:52:49.050
2018,51079,Guatemala City,Guatemala City,Guatemala,Latin America,CDP Cities,non public,No,992541,2014,POINT (-90.5069 14.6349),2020-06-25T04:52:49.050
2018,60284,Prefeitura de Angra dos Reis,Angra dos Reis,Brazil,Latin America,CDP Cities,public,No,169.511,2010,POINT (-44.2442 -22.9983),2020-06-25T04:52:49.050
2018,831230,Municipality of La Marsa,La Marsa,Tunisia,Africa,CDP Cities,public,Yes,,0,POINT (10.3218 36.8725),2020-06-25T04:52:49.050
2018,45219,Município de Aparecida,Aparecida,Brazil,Latin America,CDP Cities,public,No,36279,2017,POINT (-41.6667 -20.7),2020-06-25T04:52:49.050
2018,31169,Government of Hong Kong Special Administrative Region,Hong Kong,"China, Hong Kong Special Administrative Region",East Asia,"C40,CDP Cities",public,No,7391700,2017,POINT (114.14 22.2881),2020-06-25T04:52:49.050
2018,59669,City of North Vancouver,North Vancouver,Canada,North America,CDP Cities,public,No,52898,2016,POINT (-123.072 49.32),2020-06-25T04:52:49.050
2018,54111,City of Iowa City,Iowa City,United States of America,North America,CDP Cities,public,No,74398,2016,POINT (-91.5302 41.6611),2020-06-25T04:52:49.050
2018,59642,"City of Dublin, CA","Dublin, CA",United States of America,North America,CDP Cities,public,Yes,63241,2017,POINT (-121.93 37.7),2020-06-25T04:52:49.050
2018,61753,Yilan County Government,Yilan County,"Taiwan, Greater China",East Asia,CDP Cities,public,No,456607,2017,POINT (121.763 24.7309),2020-06-25T04:52:49.050
2018,54706,Prefeitura Municipal de Boa Vista,Boa Vista,Brazil,Latin America,CDP Cities,public,No,326414,2016,POINT (-60.6779 2.83067),2020-06-25T04:52:49.050
2018,59563,"City of Takoma Park, MD",Takoma Park,United States of America,North America,CDP Cities,non public,No,17765,2016,POINT (-77.0075 38.9779),2020-06-25T04:52:49.050
2018,62868,Eskişehir Metropolitan Municipality,Eskişehir,Turkey,Europe,CDP Cities,non public,No,,0,POINT (30.5256 39.7667),2020-06-25T04:52:49.050
2018,55324,Município de Guimarães,Guimarães,Portugal,Europe,CDP Cities,public,No,154458,2016,POINT (-8.29224 41.4443),2020-06-25T04:52:49.050
2018,54395,Taoyuan City Government,Taoyuan,"Taiwan, Greater China",East Asia,CDP Cities,non public,No,2188017,2017,POINT (121.301 24.9931),2020-06-25T04:52:49.050
2018,60392,Municipalidad de San Isidro (Lima),San Isidro (Lima),Peru,Latin America,CDP Cities,public,No,54.206,2015,POINT (-77.0273 -12.0977),2020-06-25T04:52:49.050
2018,68378,Municipalidad de Santiago de Surco,Santiago de Surco,Peru,Latin America,CDP Cities,public,No,506879,2016,POINT (-77.0051 -12.1453),2020-06-25T04:52:49.050
2018,54057,City of Lancaster,"Lancaster, CA",United States of America,North America,CDP Cities,non public,No,161148,2017,POINT (-76.3055 40.0379),2020-06-25T04:52:49.050
2018,54030,City of Little Rock,Little Rock,United States of America,North America,CDP Cities,non public,Yes,,0,POINT (-92.2896 34.7465),2020-06-25T04:52:49.050
2018,50574,City of Plano,Plano,United States of America,North America,CDP Cities,non public,No,278000,2017,POINT (-96.6989 33.0198),2020-06-25T04:52:49.050
2018,31171,Ayuntamiento de Madrid,Madrid,Spain,Europe,"C40,CDP Cities",non public,No,3182175,2017,POINT (-3.38756 40.1076),2020-06-25T04:52:49.050
2018,50368,Municipalidad de Provincial de Arequipa,Arequipa,Peru,Latin America,CDP Cities,public,No,784651,2007,POINT (-75.329 -11.0557),2020-06-25T04:52:49.050
2018,35475,City of Calgary,Calgary,Canada,North America,CDP Cities,public,No,1246231,2017,POINT (-114.071 51.0486),2020-06-25T04:52:49.050
2018,59588,"Town of Chapel Hill, NC",Chapel Hill,United States of America,North America,CDP Cities,public,No,59005,2016,POINT (-79.0558 35.9132),2020-06-25T04:52:49.050
2018,35893,City of Dar es Salaam,Dar es Salaam,United Republic of Tanzania,Africa,"C40,CDP Cities",public,No,6041000,2017,POINT (39.2083 -6.79235),2020-06-25T04:52:49.050
2018,31165,Stadt Heidelberg,Heidelberg,Germany,Europe,"C40,CDP Cities",public,No,150054,2015,POINT (8.67243 49.3988),2020-06-25T04:52:49.050
2018,73247,Prefeitura de Bayeux,Bayeux,Brazil,Latin America,CDP Cities,public,No,98716,2016,POINT (-34.9268 -7.12505),2020-06-25T04:52:49.050
2018,59595,"City of Brisbane, CA","Brisbane, CA",United States of America,North America,CDP Cities,public,No,4603,2015,POINT (-122.4 37.6808),2020-06-25T04:52:49.050
2018,54672,Prefeitura Municipal de Araraquara,Araraquara,Brazil,Latin America,CDP Cities,public,Yes,230.77,2017,POINT (-48.1766 -21.7946),2020-06-25T04:52:49.050
2018,60214,Liepāja City Council,Liepaja,Latvia,Europe,CDP Cities,public,Yes,69180,2017,POINT (21.0167 56.5167),2020-06-25T04:52:49.050
2018,58636,"City of Bellingham, WA",Bellingham,United States of America,North America,CDP Cities,public,No,86570,2017,POINT (-122.479 48.7519),2020-06-25T04:52:49.050
2018,73879,Roskilde,Roskilde,Denmark,Europe,CDP Cities,public,Yes,87011,2017,POINT (12.0878 55.6419),2020-06-25T04:52:49.050
2018,54662,Prefeitura do Município de Maringá,Maringá,Brazil,Latin America,CDP Cities,non public,No,406.693,2017,POINT (-51.9383 -23.4257),2020-06-25T04:52:49.050
2018,43926,City of Mannheim,Mannheim,Germany,Europe,CDP Cities,public,No,312722,2015,POINT (8.46603 49.4875),2020-06-25T04:52:49.050
2018,54647,Prefeitura de Jundiaí,Jundiaí,Brazil,Latin America,CDP Cities,non public,No,409.497,2017,POINT (-46.8978 -23.1857),2020-06-25T04:52:49.050
2018,43930,The Hague,The Hague,Netherlands,Europe,CDP Cities,public,No,525745,2017,POINT (4.3007 52.0705),2020-06-25T04:52:49.050
2018,54633,Prefeitura de Lorena,Lorena,Brazil,Latin America,CDP Cities,public,No,87980,2017,POINT (-45.1201 -22.7339),2020-06-25T04:52:49.050
2018,60267,Prefeitura de Guarujá,Guarujá,Brazil,Latin America,CDP Cities,public,Yes,290752,2010,POINT (-46.2569 -23.9946),2020-06-25T04:52:49.050
2018,60114,City of Gdynia,Gdynia,Poland,Europe,CDP Cities,public,No,246306,2017,POINT (18.5305 54.5189),2020-06-25T04:52:49.050
2018,54070,City of Eugene,Eugene,United States of America,North America,CDP Cities,public,No,165885,2016,POINT (-123.087 44.0519),2020-06-25T04:52:49.050
2018,50555,City of Hamilton,Hamilton,Canada,North America,CDP Cities,public,No,550700,2015,POINT (-79.8661 43.25),2020-06-25T04:52:49.050
2018,54085,City of Savannah,Savannah,United States of America,North America,CDP Cities,non public,No,145674,2015,POINT (-81.0998 32.0835),2020-06-25T04:52:49.050
2018,60207,City of Windhoek,Windhoek,Namibia,Africa,CDP Cities,public,No,322500,2011,POINT (17.0658 -22.5609),2020-06-25T04:52:49.050
2018,31166,Jakarta City Government,Jakarta,Indonesia,Southeast Asia and Oceania,"C40,CDP Cities",public,No,10075310,2014,POINT (106.865 -6.1751),2020-06-25T04:52:49.050
2018,57505,Alcaldía de Panamá,Panamá,Panama,Latin America,CDP Cities,public,No,1162659,2017,POINT (-79.5552 9.11862),2020-06-25T04:52:49.050
2018,50398,Ciudad de Juárez,Juárez,Mexico,Latin America,CDP Cities,public,No,1391180,2015,POINT (-106.425 31.6904),2020-06-25T04:52:49.050
2018,31146,Addis Ababa City Administration,Addis Ababa,Ethiopia,Africa,"C40,CDP Cities",public,No,3103374,2013,POINT (38.7544 9.02887),2020-06-25T04:52:49.050
2018,19233,Município de Torres Vedras,Torres Vedras,Portugal,Europe,CDP Cities,public,No,79465,2011,POINT (-9.30148 38.7637),2020-06-25T04:52:49.050
2018,60290,Prefeitura de Brotas,Brotas,Brazil,Latin America,CDP Cities,public,No,23858,2017,POINT (-48 -22),2020-06-25T04:52:49.050
2018,57616,"City of Lake Forest, IL",Lake Forest,United States of America,North America,CDP Cities,public,No,19375,2010,POINT (-87.8406 42.2586),2020-06-25T04:52:49.050
2018,35268,City of Boston,Boston,United States of America,North America,"C40,CDP Cities",public,No,672840,2016,POINT (-71.0598 42.3584),2020-06-25T04:52:49.050
2018,59678,"City of Evanston, IL",Evanston,United States of America,North America,CDP Cities,public,Yes,75603,2015,POINT (-87.6898 42.0669),2020-06-25T04:52:49.050
2018,10894,City of Los Angeles,Los Angeles,United States of America,North America,"C40,CDP Cities",non public,No,4030904,2016,POINT (-118.244 34.0522),2020-06-25T04:52:49.050
2018,58621,Town of Blacksburg,Blacksburg,United States of America,North America,CDP Cities,public,No,44563,2017,POINT (-80.4139 37.2296),2020-06-25T04:52:49.050
2018,54654,Prefeitura de São João da Boa Vista,São João da Boa Vista,Brazil,Latin America,CDP Cities,non public,No,90089,2017,POINT (-49.1964 -18.4056),2020-06-25T04:52:49.050
2018,59165,Gladsaxe Kommune,Gladsaxe,Denmark,Europe,CDP Cities,public,No,68775,2017,POINT (12.4887 55.7335),2020-06-25T04:52:49.050
2018,58609,City of Ærøskøbing,Ærøskøbing,Denmark,Europe,CDP Cities,public,No,6180,2017,POINT (10.4047 54.8914),2020-06-25T04:52:49.050
2018,54478,Gemeente Nijmegen,Nijmegen,Netherlands,Europe,CDP Cities,public,No,175000,2017,POINT (5.84282 51.8449),2020-06-25T04:52:49.050
2018,826103,Ayuntamiento de Casimiro Castillo,Casimiro Castillo,Mexico,Latin America,CDP Cities,non public,Yes,21475,2010,POINT (-104.436 19.6031),2020-06-25T04:52:49.050
2018,60656,"City of Piedmont, CA",Piedmont,United States of America,North America,CDP Cities,public,No,11378,2017,POINT (-122.232 37.8244),2020-06-25T04:52:49.050
2018,31168,City District Government Karachi,Karachi,Pakistan,South and West Asia,"C40,CDP Cities",public,No,25000000,2014,POINT (67.1281 24.9108),2020-06-25T04:52:49.050
2018,35898,Greater Manchester,Manchester,United Kingdom of Great Britain and Northern Ireland,Europe,CDP Cities,public,No,2798800,2017,POINT (-2.15783 53.4576),2020-06-25T04:52:49.050
2018,31151,City of Basel-Stadt,Basel,Switzerland,Europe,"C40,CDP Cities",public,No,198988,2017,POINT (7.5928 47.5619),2020-06-25T04:52:49.050
2018,54703,Prefeitura Municipal de Mairiporã,Mairiporã,Brazil,Latin America,CDP Cities,non public,No,90000,2015,POINT (-46.5885 -23.318),2020-06-25T04:52:49.050
2018,61876,Mazabuka Municipal Council,Mazabuka,Zambia,Africa,CDP Cities,public,No,182205,2016,POINT (27.7491 -15.8613),2020-06-25T04:52:49.050
2018,31150,Bangkok Metropolitan Administration,Bangkok,Thailand,Southeast Asia and Oceania,"C40,CDP Cities",public,No,5682415,2017,POINT (100.556 13.7712),2020-06-25T04:52:49.050
2018,59160,Ville de Nyon,Nyon,Switzerland,Europe,CDP Cities,non public,No,20675,2016,POINT (6.23478 46.3833),2020-06-25T04:52:49.050
2018,60218,Municipality of Karlskrona,Karlskrona,Sweden,Europe,CDP Cities,public,Yes,,0,POINT (15.5866 56.1616),2020-06-25T04:52:49.050
2018,831620,Yaoundé 3,Yaoundé 3,Cameroon,Africa,CDP Cities,public,Yes,350000,2017,POINT (11.31 3.52),2020-06-25T04:52:49.050
2018,60116,Southampton City Council,Southampton,United Kingdom of Great Britain and Northern Ireland,Europe,CDP Cities,non public,No,,0,POINT (-1.4065 50.9074),2020-06-25T04:52:49.050
2018,58395,Bærum Kommune,Bærum,Norway,Europe,CDP Cities,public,No,125708,2017,POINT (10.5938 59.9205),2020-06-25T04:52:49.050
2018,54389,Taichung City Government,Taichung,"Taiwan, Greater China",East Asia,CDP Cities,public,No,2792164,2017,POINT (120.647 24.1619),2020-06-25T04:52:49.050
2018,74418,"Town of Breckenridge, CO",Breckenridge,United States of America,North America,CDP Cities,public,Yes,5035,2016,POINT (106.038 39.4817),2020-06-25T04:52:49.050
2018,50672,Município de Santarém,Santarém,Portugal,Europe,CDP Cities,public,No,61200,2011,POINT (-8.68599 39.2367),2020-06-25T04:52:49.050
2018,54457,Hansestadt Rostock,Rostock,Germany,Europe,CDP Cities,public,Yes,,0,POINT (12.1405 54.0887),2020-06-25T04:52:49.050
2018,60328,Prefeitura de Pirenópolis,Pirenópolis,Brazil,Latin America,CDP Cities,public,No,24605,2016,POINT (-48.9595 -15.8545),2020-06-25T04:52:49.050
2018,35853,City of Baltimore,Baltimore,United States of America,North America,CDP Cities,public,No,614664,2016,POINT (-76.6122 39.2904),2020-06-25T04:52:49.050
2018,43912,City of Edmonton,Edmonton,Canada,North America,CDP Cities,public,No,950000,2017,POINT (-113.491 53.5444),2020-06-25T04:52:49.050
2018,56276,New Taipei City Government,New Taipei,"Taiwan, Greater China",East Asia,CDP Cities,public,No,3986689,2017,POINT (121.446 25.0111),2020-06-25T04:52:49.050
2018,55373,Prefeitura Municipal de Cabreúva,Cabreúva,Brazil,Latin America,CDP Cities,non public,No,47.877,2017,POINT (-47.1367 -23.3058),2020-06-25T04:52:49.050
2018,63543,Fredensborg Kommune,Fredensborg,Denmark,Europe,CDP Cities,non public,No,40112,2016,POINT (12.4058 55.9747),2020-06-25T04:52:49.050
2018,832838,Town of Wellfleet,Wellfleet,United States of America,North America,CDP Cities,public,Yes,,0,POINT (-70.031 41.9305),2020-06-25T04:52:49.050
2018,60140,City of Nakuru,Nakuru,Kenya,Africa,CDP Cities,public,No,2038945,2017,POINT (36.08 -0.30309),2020-06-25T04:52:49.050
2018,55415,"City of Columbia, SC","Columbia, SC",United States of America,North America,CDP Cities,public,No,133358,2015,POINT (-81.0348 34.0007),2020-06-25T04:52:49.050
2018,54575,Vhembe District Municipality,Vhembe,South Africa,Africa,CDP Cities,public,No,1441178,2017,POINT (29.974 -22.7695),2020-06-25T04:52:49.050
2018,55319,Município de Lamego,Lamego,Portugal,Europe,CDP Cities,non public,No,26691,2011,POINT (-7.81289 41.1076),2020-06-25T04:52:49.050
2018,73252,Pemba Municipality,Pemba,Mozambique,Africa,CDP Cities,public,No,201.846,2017,POINT (40.5178 -12.9732),2020-06-25T04:52:49.050
2018,54290,Qingdao Municipal Government,Qingdao,China,East Asia,"C40,CDP Cities",non public,Yes,,0,POINT (120.356 36.1105),2020-06-25T04:52:49.050
2018,58530,"City of Northampton, MA",Northampton,United States of America,North America,CDP Cities,public,No,28549,2010,POINT (-72.6144 42.3048),2020-06-25T04:52:49.050
2018,826397,Munícipio de Portalegre,Portalegre,Portugal,Europe,CDP Cities,public,Yes,15374,1537,POINT (-7.43235 39.2914),2020-06-25T04:52:49.050
2018,50388,Prefeitura de Natal,Natal,Brazil,Latin America,CDP Cities,public,No,869954,2015,POINT (-35.2009 -5.77925),2020-06-25T04:52:49.050
2018,60602,"Town of Ajax, ON","Ajax, ON",Canada,North America,CDP Cities,public,No,119677,2016,POINT (-79.0204 43.8509),2020-06-25T04:52:49.050
2018,3422,Greater London Authority,London,United Kingdom of Great Britain and Northern Ireland,Europe,"C40,CDP Cities",public,No,8883800,2017,POINT (-0.07868 51.5048),2020-06-25T04:52:49.050
2018,54513,Municipality of Uppsala,Uppsala,Sweden,Europe,CDP Cities,public,Yes,,0,POINT (17.635 59.8536),2020-06-25T04:52:49.050
2018,60104,Cambridge City Council,Cambridge,United Kingdom of Great Britain and Northern Ireland,Europe,CDP Cities,public,No,124919,2017,POINT (0.16353 52.2077),2020-06-25T04:52:49.050
2018,32550,City of Denver,Denver,United States of America,North America,CDP Cities,public,No,693292,2016,POINT (-104.985 39.7376),2020-06-25T04:52:49.050
2018,43937,Wellington City Council,Wellington,New Zealand,Southeast Asia and Oceania,CDP Cities,public,No,209102,2017,POINT (174.776 -41.2865),2020-06-25T04:52:49.050
2018,8242,City of Helsinki,Helsinki,Finland,Europe,CDP Cities,public,No,644700,2017,POINT (24.941 60.1733),2020-06-25T04:52:49.050
2018,49344,City of Raleigh,Raleigh,United States of America,North America,CDP Cities,non public,No,464758,2017,POINT (-78.6382 35.7796),2020-06-25T04:52:49.050
2018,59298,City of Yaoundé 6,Yaoundé 6,Cameroon,Africa,CDP Cities,public,No,324734,2010,POINT (11.5191 3.86181),2020-06-25T04:52:49.050
2018,69823,Visby,Visby,Sweden,Europe,CDP Cities,public,No,58595,2017,POINT (18.2948 57.6348),2020-06-25T04:52:49.050
2018,50794,Prefeitura Municipal de Caieiras,Caieiras,Brazil,Latin America,CDP Cities,public,No,98.223,2017,POINT (-46.7402 -23.3612),2020-06-25T04:52:49.050
2018,36285,Comune di Firenze,Firenze,Italy,Europe,CDP Cities,non public,No,377635,2017,POINT (11.2558 43.7696),2020-06-25T04:52:49.050
2018,60577,Frederikshavn Kommune,Frederikshavn,Denmark,Europe,CDP Cities,public,No,60379,2015,POINT (10.521 57.4427),2020-06-25T04:52:49.050
2018,35894,Ville de Montreal,Montréal,Canada,North America,"C40,CDP Cities",public,No,1942044,2016,POINT (-73.554 45.5087),2020-06-25T04:52:49.050
2018,74428,"City of South Miami, FL",South Miami,United States of America,North America,CDP Cities,non public,Yes,12500,2017,POINT (-80.1918 25.7617),2020-06-25T04:52:49.050
2018,55328,Município de Câmara de Lobos,Câmara de Lobos,Portugal,Europe,CDP Cities,public,Yes,,0,POINT (-16.9833 32.6333),2020-06-25T04:52:49.050
2018,59653,"City of Manhattan Beach, CA",Manhattan Beach,United States of America,North America,CDP Cities,public,Yes,35881,2014,POINT (-118.405 33.8889),2020-06-25T04:52:49.050
2018,31155,City of Buenos Aires,Buenos Aires,Argentina,Latin America,"C40,CDP Cities",public,No,2890151,2010,POINT (-58.3816 -34.6037),2020-06-25T04:52:49.050
2018,36254,Comune di Venezia,Venezia,Italy,Europe,"C40,CDP Cities",public,No,261905,2016,POINT (12.3211 45.4333),2020-06-25T04:52:49.050
2018,831150,Municipio de Arboletes,Arboletes,Colombia,Latin America,CDP Cities,non public,Yes,42301,2017,POINT (-76.4336 8.85111),2020-06-25T04:52:49.050
2018,54588,West Coast District Municipality,West Coast District Municipality,South Africa,Africa,CDP Cities,public,Yes,,0,POINT (18.627 -32.0951),2020-06-25T04:52:49.050
2018,31187,Seoul Metropolitan Government,Seoul,Republic of Korea,East Asia,"C40,CDP Cities",public,No,10112070,2017,POINT (126.978 37.5665),2020-06-25T04:52:49.050
2018,57347,Pingtung County Government,Pingtung County,"Taiwan, Greater China",East Asia,CDP Cities,public,No,829939,2017,POINT (120.47 22.6558),2020-06-25T04:52:49.050
2018,54116,City of Dubuque,Dubuque,United States of America,North America,CDP Cities,public,Yes,5831,2016,POINT (-90.5071 42.5006),2020-06-25T04:52:49.050
2018,831231,Kasama Municipal Council,Kasama,Zambia,Africa,CDP Cities,public,Yes,350000,2010,POINT (31.1808 -10.2129),2020-06-25T04:52:49.050
2018,35897,Municipality of Campinas,Campinas,Brazil,Latin America,CDP Cities,public,No,1182429,2017,POINT (-46.9372 -22.744),2020-06-25T04:52:49.050
2018,54650,Prefeitura de Palmas,Palmas,Brazil,Latin America,CDP Cities,non public,No,279856,2016,POINT (-48.3243 -10.2491),2020-06-25T04:52:49.050
2018,59540,"City of Elgin, IL",Elgin,United States of America,North America,CDP Cities,public,No,110000,2010,POINT (-88.263 42.0604),2020-06-25T04:52:49.050
2018,62180,Communauté urbaine du Grand Nancy,Nancy,France,Europe,CDP Cities,non public,No,256558,2015,POINT (6.18441 48.6921),2020-06-25T04:52:49.050
2018,36039,Accra Metropolitan Assembly,Accra,Ghana,Africa,"C40,CDP Cities",public,No,1986580,2017,POINT (-0.16819 5.56543),2020-06-25T04:52:49.050
2018,50792,Ville de Monaco,Monaco,Monaco,Europe,CDP Cities,public,No,38300,2017,POINT (7.42081 43.7374),2020-06-25T04:52:49.050
2018,35878,City of Sacramento,Sacramento,United States of America,North America,CDP Cities,public,No,495234,2016,POINT (-121.494 38.5816),2020-06-25T04:52:49.050
2018,69995,Kemi,Kemi,Finland,Europe,CDP Cities,public,Yes,,0,POINT (24.5637 65.7364),2020-06-25T04:52:49.050
2018,58871,"City of Salem, MA",Salem,United States of America,North America,CDP Cities,non public,No,42126,2016,POINT (-70.8967 42.5195),2020-06-25T04:52:49.050
2018,826238,Alcaldia de Mosquera,Mosquera,Colombia,Latin America,CDP Cities,non public,Yes,86954,2017,POINT (-74.2302 4.70592),2020-06-25T04:52:49.050
2018,37038,City of Cologne,Cologne,Germany,Europe,CDP Cities,public,No,1069192,2016,POINT (6.9583 50.9414),2020-06-25T04:52:49.050
2018,826239,Alcaldia de Sopó,Sopó,Colombia,Latin America,CDP Cities,public,Yes,27932,2017,POINT (-73.9384 4.9075),2020-06-25T04:52:49.050
2018,74569,"King County, WA",King County,United States of America,North America,CDP Cities,public,Yes,2188649,2017,POINT (121.984 47.548),2020-06-25T04:52:49.050
2018,74401,"City of Encinitas, CA",Encinitas,United States of America,North America,CDP Cities,public,Yes,63131,2016,POINT (-117.293 33.0454),2020-06-25T04:52:49.050
2018,60347,Prefeitura da Estância Climática de São Bento do Sapucaí,São Bento do Sapucaí,Brazil,Latin America,CDP Cities,public,No,11000,2017,POINT (-45.732 -22.6874),2020-06-25T04:52:49.050
2018,826207,Junta Intermunicipal de Medio Ambiente Region Valles (JIMAV),JIMAV,Mexico,Latin America,CDP Cities,public,Yes,371457,2015,POINT (-104.367 19.7682),2020-06-25T04:52:49.050
2018,31149,City of Athens,Athens,Greece,Europe,"C40,CDP Cities",public,No,664046,2011,POINT (23.7275 37.9838),2020-06-25T04:52:49.050
2018,60419,Municipalidad de Rio Grande,Rio Grande,Argentina,Latin America,CDP Cities,public,No,84246,2017,POINT (-67.7002 -53.786),2020-06-25T04:52:49.050
2018,59158,Moroni City,Moroni,Comoros,Africa,CDP Cities,public,No,40050,2003,POINT (43.2473 -11.7172),2020-06-25T04:52:49.050
2018,35873,Municipality of Medellín,Medellín,Colombia,Latin America,"C40,CDP Cities",public,No,2464.322,2015,POINT (-75.5735 6.22729),2020-06-25T04:52:49.050
2018,826100,Ayuntamiento de La Barca,La Barca,Mexico,Latin America,CDP Cities,public,Yes,85000,2017,POINT (-102.546 20.2903),2020-06-25T04:52:49.050
2018,51075,City of Shenzhen,Shenzhen,China,East Asia,"C40,CDP Cities",non public,No,12528300,2017,POINT (113.813 22.9175),2020-06-25T04:52:49.050
2018,54700,Prefeitura Municipal de Sumaré,Sumaré,Brazil,Latin America,CDP Cities,non public,Yes,237007,2017,POINT (-47.2669 -22.8219),2020-06-25T04:52:49.050
2018,63601,"Township of Maplewood, NJ",Maplewood,United States of America,North America,CDP Cities,non public,Yes,24414,2016,POINT (-74.27 40.73),2020-06-25T04:52:49.050
2018,36522,Comune di Verbania,Verbania,Italy,Europe,CDP Cities,public,No,30900,2017,POINT (8.55537 45.9283),2020-06-25T04:52:49.050
2018,36159,City of Lisbon,Lisbon,Portugal,Europe,CDP Cities,public,No,547733,2011,POINT (-9.13933 38.7223),2020-06-25T04:52:49.050
2018,73240,Tuzla Municipality,Tuzla,Turkey,Europe,CDP Cities,public,No,235000,2015,POINT (18.6735 44.5375),2020-06-25T04:52:49.050
2018,60374,Alcaldía de Ibagué,Ibagué,Colombia,Latin America,CDP Cities,public,No,564077,2017,POINT (-75.24 4.44851),2020-06-25T04:52:49.050
2018,68371,Municipio Distrital del Rimac,Rimac,Peru,Latin America,CDP Cities,public,No,167286,2014,POINT (-77.0362 -12.0271),2020-06-25T04:52:49.050
2018,54075,City of Lakewood,Lakewood,United States of America,North America,CDP Cities,public,No,154368,2016,POINT (-105.081 39.7047),2020-06-25T04:52:49.050
2018,49359,City of Harare,Harare,Zimbabwe,Africa,CDP Cities,public,No,2424420,2017,POINT (30.9328 -17.8284),2020-06-25T04:52:49.050
2018,54671,Prefeitura Municipal de Cascavel,Cascavel,Brazil,Latin America,CDP Cities,non public,Yes,,0,POINT (-53.4595 -24.9578),2020-06-25T04:52:49.050
2018,35902,City of Nagoya,Nagoya,Japan,East Asia,CDP Cities,public,No,2303070,2017,POINT (136.906 35.1815),2020-06-25T04:52:49.050
2018,49343,City of El Paso,El Paso,United States of America,North America,CDP Cities,non public,No,674433,2013,POINT (-106.485 31.7619),2020-06-25T04:52:49.050
2018,60433,City of Hvidovre,Hvidovre,Denmark,Europe,CDP Cities,public,No,52964,2017,POINT (12.4754 55.6425),2020-06-25T04:52:49.050
2018,35915,City of Jaipur,Jaipur,India,South and West Asia,"C40,CDP Cities",public,No,3046163,2011,POINT (75.7873 26.9124),2020-06-25T04:52:49.050
2018,58627,"City of Alton, IL",Alton,United States of America,North America,CDP Cities,public,No,26581,2015,POINT (-90.1843 38.8906),2020-06-25T04:52:49.050
2018,60258,Prefeitura de Brusque,Brusque,Brazil,Latin America,CDP Cities,public,No,128818,2017,POINT (-48.9207 -27.0936),2020-06-25T04:52:49.050
2018,63941,"Broward County, FL",Broward,United States of America,North America,CDP Cities,public,Yes,1870000,2014,POINT (80.3659 26.1901),2020-06-25T04:52:49.050
2018,60361,Prefeitura de Tangará da Serra,Tangará da Serra,Brazil,Latin America,CDP Cities,public,Yes,83.431,2010,POINT (-57.4858 -14.6194),2020-06-25T04:52:49.050
2018,1499,Ajuntament de Barcelona,Barcelona,Spain,Europe,"C40,CDP Cities",public,No,1604555,2015,POINT (2.1775 41.3823),2020-06-25T04:52:49.050
2018,50381,Municipio de Torreón,Torreón,Mexico,Latin America,CDP Cities,public,No,639629,2010,POINT (-103.407 25.5428),2020-06-25T04:52:49.050
2018,70017,Alcaldia de Palmira,Palmira,Colombia,Latin America,CDP Cities,public,Yes,308671,2017,POINT (-76.3036 3.53944),2020-06-25T04:52:49.050
2018,58413,"City of Carmel, IN",Carmel,United States of America,North America,CDP Cities,non public,No,86946,2016,POINT (-86.118 39.9784),2020-06-25T04:52:49.050
2018,74631,Lubumbashi,Lubumbashi,Democratic Republic of the Congo,Africa,CDP Cities,public,Yes,5652000,2016,POINT (-27 11),2020-06-25T04:52:49.050
2018,60898,Ayuntamiento de Naucalpan de Juárez,Naucalpan de Juárez,Mexico,Latin America,CDP Cities,public,No,,0,POINT (-99.2453 19.4631),2020-06-25T04:52:49.050
2018,60638,Walvis Bay Municipality,Walvis Bay,Namibia,Africa,CDP Cities,non public,No,100000,2016,POINT (12.5247 -22.9389),2020-06-25T04:52:49.050
2018,35995,City of Brasília,Brasília,Brazil,Latin America,CDP Cities,non public,No,3013,2017,POINT (-47.8822 -15.7942),2020-06-25T04:52:49.050
2018,826114,Ayuntamiento de Degollado,Degollado,Mexico,Latin America,CDP Cities,public,Yes,,0,POINT (-102.132 20.4489),2020-06-25T04:52:49.050
